enz	rxns	protein_stoich	MW (g/mmol)	status
rt7201	12AMANTF_g,OGLYCANS2_g,OGLYCANS3_g	rt7201:1	37.362880000000004	automatically added
rt2093	12AMANTF_g,OGLYCANS2_g,OGLYCANS3_g	rt2093:1	48.25209	automatically added
rt5185	13BGH_e	rt5185:1	86.06639999999999	automatically added
rt7616	13GS_c	rt7616:1	202.03608999999997	automatically added
rt6298	14BMANTF_c,NGLYCANS3_c	rt6298:1	55.59587999999999	automatically added
rt0150	16GS_c	rt0150:1	52.96475000000001	automatically added
rt3279	16GS_c	rt3279:1	58.63476	automatically added
rt8106	1MLCLAT_mm,3MLCLAT_mm,LPCAT_mm	rt8106:1	33.74957	automatically added
rt0208	2DOXG6PP_c,F1PP_c	rt0208:1	26.685189999999995	automatically added
rt5045	2DOXG6PP_c,F1PP_c	rt5045:1	28.469700000000003	automatically added
rt6557	2OGMAH_c,2OSUCAH_c	rt6557:1	33.7838	automatically added
rt2267	2OXOADPt_c_m,AKGMALta_m	rt2267:1	33.41366	automatically added
rt3472	3DHSKD_c	rt3472:1	39.48129	automatically added
rt1611	3DSPHR_r	rt1611:1	37.50565999999999	automatically added
rt2309	3HACD200_rm,3HACD220_rm,3HACD240_rm,3HACD260_rm	rt2309:1	31.777070000000005	automatically added
rt0302	3HAD100_c,3HAD120_c,3HAD140_c,3HAD160_c,3HAD180_c,3HAD40_c,3HAD60_c,3HAD80_c,ACOATA_c,EAR100y_c,EAR120y_c,EAR140y_c,EAR160y_c,EAR180y_c,EAR40y_c,EAR60y_c,EAR80y_c,MCOATA_c,PCOATA160_c,PCOATA180_c	rt0302:1	138.63304	automatically added
rt7207	3HAD40_m,3HAD60_m,3HAD80_m,AGNPR_l,AGNPR_rm	rt7207:1	38.114549999999994	automatically added
rt0234	3HAO_c	rt0234:1	21.84755	automatically added
rt5813	3HBHYOX_c,BZHYOX_c	rt5813:1	107.27321	automatically added
rt4427	3HBRDH_c	rt4427:1	31.139850000000003	automatically added
rt6518	3HCINNMH_c,3HPPPNH_c	rt6518:1	72.32694999999998	automatically added
rt4042	3INDACNLAH_c	rt4042:1	32.42655	automatically added
rt6691	3IPM3MT_c,ACONMT_c	rt6691:1	39.210190000000004	automatically added
rt7423	3MOBDC_c,3MOPDC_c,ACALDCD_c,INDPYRD_c,PYRDC2_c,PYRDC_c	rt7423:1	75.14811	automatically added
rt4198rt7068	3MOBR_m	rt4198:1,rt7068:1	98.05355	automatically added
rt4198	3MOPR_m,4MOPR_m	rt4198:1	49.57215000000001	automatically added
rt7829	3NPDHBZH_m,Q9MO_m	rt7829:1	67.45538	automatically added
rt3097	3NPDHMT_m,Q9MT2_m	rt3097:1	37.09733	automatically added
rt2975	3OACE200_rm,3OACE220_rm,3OACE240_rm,3OACE260_rm	rt2975:1	36.427749999999996	automatically added
rt8287	3OACE200_rm,3OACE220_rm,3OACE240_rm,3OACE260_rm	rt8287:1	51.65118000000001	automatically added
rt8327	3OACR200_rm,3OACR220_rm,3OACR240_rm,3OACR260_rm	rt8327:1	37.97338	automatically added
rt4722	3OADPCOAT_m,OCOAT1_m	rt4722:1	55.635139999999986	automatically added
rt2190	3OAR100_c,3OAR120_c,3OAR140_c,3OAR160_c,3OAR180_c,3OAR40_c,3OAR60_c,3OAR80_c	rt2190:1	30.890879999999996	automatically added
rt2183	3OAR100_c,3OAR120_c,3OAR140_c,3OAR160_c,3OAR180_c,3OAR40_c,3OAR60_c,3OAR80_c	rt2183:1	31.417429999999996	automatically added
rt1363	3OAR100_c,3OAR120_c,3OAR140_c,3OAR160_c,3OAR180_c,3OAR40_c,3OAR60_c,3OAR80_c	rt1363:1	32.0788	automatically added
rt0409	3OAR100_c,3OAR120_c,3OAR140_c,3OAR160_c,3OAR180_c,3OAR40_c,3OAR60_c,3OAR80_c,3OAS100_c,3OAS120_c,3OAS140_c,3OAS160_c,3OAS180_c,3OAS40_c,3OAS60_c,3OAS80_c,MCOATA_c	rt0409:1	321.03739	automatically added
rt1622	3OAR40_m,3OAR60_m,3OAR80_m,ABTD2Dx_c,XYLTOR_c	rt1622:1	43.65615	automatically added
rt2901	4ABUTtps_e,5AOPtps_e	rt2901:1	60.23484000000001	automatically added
rt4390	4ABUTtps_e,ALAtps_e,GLYtps_e,PROtps_e	rt4390:1	60.70221999999998	automatically added
rt2779	4AMPMS_c,AHMMPS4_c	rt2779:2	65.19787999999998	automatically added
rt3465	4CMCOAL_c,4CMCOAL_x	rt3465:1	61.76718999999999	automatically added
rt5332	4CMCOAL_c,4CMCOAL_x	rt5332:1	67.00503000000002	automatically added
rt8267	4CMCOAL_c,4CMCOAL_x	rt8267:1	68.49440999999999	automatically added
rt6434	4CMCOAL_c,4CMCOAL_x,PACCOAL_x	rt6434:1	59.91424000000001	automatically added
rt1973	4DPMIPPH_c,6DPMIPPH_c,IPPYP2_c,IPPYP3_c	rt1973:1	109.52633999999999	automatically added
rt6869	4HBZNPT_m	rt6869:1	31.19183	automatically added
rt0201	4HGLSD_m,P5CD2_m,PHCD_m	rt0201:1	60.85907	automatically added
rt1374	4HTHRS_c,THRS_c	rt1374:1	66.58458	automatically added
rt1395	6DPMIPPH_c,IPPYP1_c,IPPYP4_c,PMI12346PS_c,PMI1346PS_c	rt1395:1	155.11396000000002	automatically added
rt1127rt1852	AASADy_c	rt1127:1,rt1852:1	197.95353000000003	automatically added
rt0172	AATA_c,FKYNH_c,KYNAT2_c	rt0172:1	48.51927	automatically added
rt4039	AATA_c,KYNAT2_c	rt4039:1	49.21138	automatically added
rt7471	AATA_c,PHETA1_c,TRPTA_c,TYRTA_c,UNK3_c	rt7471:1	67.72067	automatically added
rt2569	ABTA_c	rt2569:1	48.53519	automatically added
rt7537	ABTA_c	rt7537:1	56.11895000000001	automatically added
rt0620	ABTD4Dx_c,XYLTOR_c	rt0620:1	28.768209999999996	automatically added
rt8486	ABTt_c_e,XYLTt_c_e,XYLt_c_e	rt8486:1	71.40123000000001	automatically added
rt2756	ABUTD_m,ALDD20x_m,ALDD20y_m,ALDD22x_c,ALDD2x_c,ALDD2y_c	rt2756:1	51.40452	automatically added
rt0517	ACACT100i_m,ACACT120i_m,ACACT121ai_m,ACACT140i_m,ACACT141ai_m,ACACT141bi_m,ACACT160i_m,ACACT161ai_m,ACACT161bi_m,ACACT180i_m,ACACT181ai_m,ACACT200i_m,ACACT220i_m,ACACT240i_m,ACACT260i_m,ACACT40i_m,ACACT60i_m,ACACT80i_m	rt0517:1	42.10430000000001	automatically added
rt6860	ACACT100i_x,ACACT101ei_x,ACACT120i_x,ACACT121ai_x,ACACT121di_x,ACACT122ei_x,ACACT140i_x,ACACT141ai_x,ACACT141bi_x,ACACT142i_x,ACACT143i_x,ACACT160i_x,ACACT161ai_x,ACACT161bi_x,ACACT162i_x,ACACT163i_x,ACACT180i_x,ACACT181ai_x,ACACT182i_x,ACACT183i_x,ACACT200i_x,ACACT220i_x,ACACT240i_x,ACACT260i_x,ACACT40i_x,ACACT60i_x,ACACT80i_x	rt6860:1	44.309250000000006	automatically added
rt5445	ACACT100i_x,ACACT101ei_x,ACACT120i_x,ACACT121ai_x,ACACT121di_x,ACACT122ei_x,ACACT140i_x,ACACT141ai_x,ACACT141bi_x,ACACT142i_x,ACACT143i_x,ACACT160i_x,ACACT161ai_x,ACACT161bi_x,ACACT162i_x,ACACT163i_x,ACACT180i_x,ACACT181ai_x,ACACT182i_x,ACACT183i_x,ACACT200i_x,ACACT220i_x,ACACT240i_x,ACACT260i_x,ACACT40i_x,ACACT60i_x,ACACT80i_x	rt5445:1	44.34520000000001	automatically added
rt0697	ACACT100i_x,ACACT101ei_x,ACACT120i_x,ACACT121ai_x,ACACT121di_x,ACACT122ei_x,ACACT140i_x,ACACT141ai_x,ACACT141bi_x,ACACT142i_x,ACACT143i_x,ACACT160i_x,ACACT161ai_x,ACACT161bi_x,ACACT162i_x,ACACT163i_x,ACACT180i_x,ACACT181ai_x,ACACT182i_x,ACACT183i_x,ACACT200i_x,ACACT220i_x,ACACT240i_x,ACACT260i_x,ACACT40i_x,ACACT60i_x,ACACT80i_x	rt0697:1	44.77504	automatically added
rt0310	ACACT40ir_c	rt0310:4	191.9452	automatically added
rt0271rt8036	ACCOAC_c	rt0271:1,rt8036:1	320.8736400000001	automatically added
rt5429	ACCOATsucac_m,ACCOATsucpp_m	rt5429:1	60.11376	automatically added
rt2578	ACCOAt_c_r	rt2578:1	63.207010000000004	automatically added
rt6091	ACEST1_m	rt6091:1	53.909560000000006	automatically added
rt1634	ACEST1_m	rt1634:1	56.82872000000001	automatically added
rt0018rt2393	ACEST1_x	rt0018:1,rt2393:1	72.78707999999997	automatically added
rt4107	ACGAM6PS_c	rt4107:1	21.041809999999998	automatically added
rt5121	ACGAM6S1_r,ACGAM6S2_r	rt5121:1	66.28772000000001	automatically added
rt4597	ACGAMPM_c,PGAMT_c	rt4597:1	59.71949999999999	automatically added
rt1009	ACGK_m,AGPRi_m	rt1009:1	100.48261000000001	automatically added
rt7899	ACGS_m	rt7899:1	76.98857	automatically added
rt3378	ACHAH_c	rt3378:1	61.88803	automatically added
rt1203	ACHAH_e	rt1203:1	60.00139	automatically added
rt7317	ACHBS_m,ACLS_m	rt7317:1	76.85291	automatically added
rt6872	ACHLE1_c,ACHLE2_c,ACHLE3_c	rt6872:1	28.56806	automatically added
rt1358	ACITL_c	rt1358:4	507.49308	automatically added
rt5015	ACKr_c	rt5015:1	49.609519999999996	automatically added
rt4202	ACOAD100f_m,ACOAD120f_m,ACOAD80f_m	rt4202:1	45.114270000000005	automatically added
rt0595	ACOAD100f_x,ACOAD101df_x,ACOAD102ef_x,ACOAD120f_x,ACOAD121af_x,ACOAD140f_x,ACOAD141af_x,ACOAD141bf_x,ACOAD142f_x,ACOAD143f_x,ACOAD160f_x,ACOAD161af_x,ACOAD161bf_x,ACOAD162f_x,ACOAD163f_x,ACOAD180f_x,ACOAD181af_x,ACOAD182f_x,ACOAD183f_x,ACOAD40f_x,ACOAD60f_x,ACOAD80f_x,ACOAD82ef_x	rt0595:1	59.05717000000001	automatically added
rt2040	ACOAD100f_x,ACOAD101df_x,ACOAD102ef_x,ACOAD120f_x,ACOAD121af_x,ACOAD140f_x,ACOAD141af_x,ACOAD141bf_x,ACOAD142f_x,ACOAD143f_x,ACOAD160f_x,ACOAD161af_x,ACOAD161bf_x,ACOAD162f_x,ACOAD163f_x,ACOAD180f_x,ACOAD181af_x,ACOAD182f_x,ACOAD183f_x,ACOAD40f_x,ACOAD60f_x,ACOAD80f_x,ACOAD82ef_x	rt2040:2	102.8823	automatically added
rt5702	ACOAD40f_m,ACOAD60f_m,ACOADm30f_m,ACOADm40f_m	rt5702:4	183.87499999999994	automatically added
rt1362	ACOADS160_rm,ACOADS180_rm	rt1362:1	61.28423	automatically added
rt0477	ACOADS181_rm,ACOADS182_rm,DESAT18_2_rm	rt0477:1	51.14518999999999	automatically added
rt8487	ACOADS182_3_rm	rt8487:1	52.68985	automatically added
rt1644	ACOADm50f_m	rt1644:1	47.323229999999995	automatically added
rt4384	ACOAO101d_x,ACOAO102e_x,ACOAO121a_x,ACOAO140_x,ACOAO141a_x,ACOAO141b_x,ACOAO142_x,ACOAO143_x,ACOAO160_x,ACOAO161a_x,ACOAO161b_x,ACOAO162_x,ACOAO163_x,ACOAO180_x,ACOAO181a_x,ACOAO182_x,ACOAO183_x,ACOAO200_x,ACOAO220_x,ACOAO240_x,ACOAO260_x,ACOAO82e_x	rt4384:1	78.21329999999999	automatically added
rt4374	ACOAO101d_x,ACOAO102e_x,ACOAO121a_x,ACOAO140_x,ACOAO141a_x,ACOAO141b_x,ACOAO142_x,ACOAO143_x,ACOAO160_x,ACOAO161a_x,ACOAO161b_x,ACOAO162_x,ACOAO163_x,ACOAO180_x,ACOAO181a_x,ACOAO182_x,ACOAO183_x,ACOAO200_x,ACOAO220_x,ACOAO240_x,ACOAO260_x,ACOAO82e_x	rt4374:1	79.64313	automatically added
rt1332	ACOAO101d_x,ACOAO102e_x,ACOAO121a_x,ACOAO140_x,ACOAO141a_x,ACOAO141b_x,ACOAO142_x,ACOAO143_x,ACOAO160_x,ACOAO161a_x,ACOAO161b_x,ACOAO162_x,ACOAO163_x,ACOAO180_x,ACOAO181a_x,ACOAO182_x,ACOAO183_x,ACOAO200_x,ACOAO220_x,ACOAO240_x,ACOAO260_x,ACOAO82e_x	rt1332:5	408.3618	automatically added
rt5893	ACOATA_m	rt5893:1	13.20371	automatically added
rt4274	ACONT2_m	rt4274:1	59.135299999999994	automatically added
rt3256	ACONTa_m,ACONTb_m,HACNH_m	rt3256:1	85.51295	automatically added
rt6232	ACONTa_m,ACONTb_m,HACNH_m	rt6232:1	89.99172999999998	automatically added
rt6510	ACOTAi_m	rt6510:1	54.1632	automatically added
rt5051	ACP1_e	rt5051:1	59.80189	automatically added
rt1163	ACP1_e	rt1163:1	70.83061000000001	automatically added
rt0245	ACPCS_c	rt0245:1	52.23982000000001	automatically added
rt5418	ACRNAH_x	rt5418:1	41.383860000000006	automatically added
rt6229	ACS_c,ACS_n	rt6229:1	73.99445999999999	automatically added
rt7532	ACS_c,ACS_n,FACOAL100_c,FACOAL120_c,FACOAL40_c,FACOAL60_c,FACOAL80_c	rt7532:1	64.25629999999998	automatically added
rt7285	ACt_c_e	rt7285:1	26.171499999999995	automatically added
rt5456	ACt_c_m	rt5456:1	33.77157999999999	automatically added
rt8364	ADA_c,ADD_c,DADA_c	rt8364:1	39.781479999999995	automatically added
rt4108	ADCL_c	rt4108:1	27.332469999999997	automatically added
rt5301	ADCS_c	rt5301:1	86.45082	automatically added
rt3300	ADD_c	rt3300:1	110.52941	automatically added
rt6190	ADEtps_e,CSNtps_e,GUAtps_e	rt6190:1	55.871550000000006	automatically added
rt7128	ADK1_c,ADK1_m,ADK3_m	rt7128:1	31.984030000000008	automatically added
rt3932	ADK1_c,DADK_c	rt3932:1	21.76583	automatically added
rt6761	ADK1_m,ADK3_m	rt6761:1	30.1961	automatically added
rt2849	ADMDC_c	rt2849:1	55.11795	automatically added
rt4919	ADNCYC_c	rt4919:1	219.05599999999998	automatically added
rt0017	ADNK1_c	rt0017:1	37.259310000000006	automatically added
rt5601	ADNtps_e,CYTDtps_e	rt5601:1	60.272690000000004	automatically added
rt4336	ADPATPt_c_m	rt4336:1	33.90647	automatically added
rt7777	ADPATPt_c_x,AMPATPt_c_x	rt7777:1	36.55809	automatically added
rt8143	ADPRDP_m	rt8143:1	28.767459999999996	automatically added
rt7825	ADPT_c,GUAPRT_c	rt7825:1	20.21008	automatically added
rt0341	ADSK_c	rt0341:1	23.224970000000003	automatically added
rt7437	ADSL1r_c,ADSL2i_c	rt7437:4	217.92223999999996	automatically added
rt3802	ADSS_c	rt3802:2	95.98996	automatically added
rt0136	AEPI1_c,AEPI2_c	rt0136:1	50.13798	automatically added
rt3174	AFAT_c,FMNAT_m	rt3174:1	34.378859999999996	automatically added
rt2689	AFLTXNB1S_c,AFLTXNB2S_c	rt2689:1	60.88462999999999	automatically added
rt1772	AGMT_e	rt1772:1	28.81406	automatically added
rt2059	AGPAT_l	rt2059:1	32.779619999999994	automatically added
rt1378	AGPAT_l,DAGL_l,TAGL_l	rt1378:1	92.01360999999997	automatically added
rt7662	AGPAT_rm	rt7662:1	65.89166	automatically added
rt0451	AGTi_c	rt0451:1	39.40747999999999	automatically added
rt4544	AHCi_c	rt4544:1	48.88338	automatically added
rt1883	AHGDf_m	rt1883:1	49.29291000000001	automatically added
rt8250	AHSERL2_c,AHSERL_c	rt8250:1	47.31838000000001	automatically added
rt4053	AICART_c,IMPC_c	rt4053:1	67.82829000000001	automatically added
rt3764	AIRC1_c	rt3764:1	69.32541	automatically added
rt8378	AKGCITta_m	rt8378:1	32.90678	automatically added
rt0906rt1672rt3748	AKGDH_m	rt0906:1,rt1672:1,rt3748:1	210.20432	automatically added
rt1639rt1672rt3748	AKGDH_m	rt1639:1,rt1672:1,rt3748:1	217.39002	automatically added
rt3253	AKP1_c	rt3253:1	42.03199	automatically added
rt5041	AKP1_c	rt5041:1	69.6675	automatically added
rt0309	ALAS_m	rt0309:1	69.95305000000002	automatically added
rt1267	ALATA_L_m	rt1267:2	112.99832	automatically added
rt3605	ALATRS_c	rt3605:1	106.98616999999999	automatically added
rt5861	ALAtps_e,ARGtps_e,ASPtps_e,CYStps_e,GLUtps_e,GLYtps_e,LYStps_e,METtps_e,ORNtps_e,PHEtps_e,PROtps_e,SERtps_e,SPMDtpa_e,THRtps_e,VALtps_e	rt5861:1	65.4859	automatically added
rt0594	ALAtps_e,ASPtps_e,GLUtps_e,GLYtps_e,SERtps_e	rt0594:1	62.14363	automatically added
rt3514	ALCD19y_c,ALCD22yi_c	rt3514:1	34.49972999999999	automatically added
rt7110	ALCD22xi_c,ALCD23xi_c,ALCD24xi_c,ALCD25xi_c,ALCD26xi_c	rt7110:1	38.73194	automatically added
rt8149	ALCD22xi_c,ALCD23xi_c,ALCD24xi_c,ALCD25xi_c,ALCD26xi_c	rt8149:1	38.85134	automatically added
rt5740	ALCD22xi_c,ALCD23xi_c,ALCD24xi_c,ALCD25xi_c,ALCD26xi_c,FALDH_c	rt5740:1	40.88105	automatically added
rt3939	ALCD22xi_m,ALCD23xi_m,ALCD24xi_m,ALCD25xi_m,ALCD26xi_m,ALCD2i2_m	rt3939:1	38.259429999999995	automatically added
rt0733	ALCD22xi_m,ALCD23xi_m,ALCD24xi_m,ALCD25xi_m,ALCD26xi_m,ALCD2i2_m	rt0733:1	38.48588	automatically added
rt4416	ALCD22yi_c,ALCD23yi_c,ALCD24yi_c,ALCD25yi_c	rt4416:1	34.3558	automatically added
rt5579	ALCD22yi_c,ALCD23yi_c,ALCD24yi_c,ALCD25yi_c	rt5579:1	35.48422999999999	automatically added
rt1661	ALCD22yi_c,ALCD23yi_c,ALCD24yi_c,ALCD25yi_c	rt1661:1	35.730239999999995	automatically added
rt5186	ALCD22yi_c,ALCD23yi_c,ALCD24yi_c,ALCD25yi_c	rt5186:1	36.63687	automatically added
rt5194	ALCD22yi_c,ALCD23yi_c,ALCD24yi_c,ALCD25yi_c	rt5194:1	39.63850000000001	automatically added
rt3282	ALCD2i1_c	rt3282:1	38.39639999999999	automatically added
rt7041	ALDD20y_c	rt7041:1	33.23914	automatically added
rt3674	ALDD20y_m,ALDD2y_c	rt3674:1	54.90572	automatically added
rt7955	ALDD22x_c,TMABADH_m	rt7955:1	55.89171000000001	automatically added
rt3516	ALLTN_c	rt3516:4	203.83416000000003	automatically added
rt4534	ALLTNt_c	rt4534:1	60.237179999999995	automatically added
rt6702	ALLTTt_c	rt6702:1	56.573299999999996	automatically added
rt0958	ALPHNH_c,UREASE_c	rt0958:1	134.66895000000002	automatically added
rt4363	AMAOTr_c	rt4363:1	91.53564000000001	automatically added
rt3664	AMETt_c_m	rt3664:1	32.62699	automatically added
rt3257	AMID_c,METtps_e	rt3257:1	61.59753	automatically added
rt1908	AMID_c,PADAH_c	rt1908:1	61.7013	automatically added
rt3101	AMPDA_c	rt3101:1	106.43885999999999	automatically added
rt7589	ANNAT_c	rt7589:1	32.1507	automatically added
rt2062	ANNAT_c,ANNAT_n,NNATi_c	rt2062:1	39.71292999999999	automatically added
rt1532	ANPRT_c	rt1532:1	42.03019	automatically added
rt6741rt8196	ANS_c	rt6741:1,rt8196:1	141.59835999999996	automatically added
rt4368	AOXS_c	rt4368:1	48.681110000000004	automatically added
rt0084	AP4AH_c	rt0084:1	23.541079999999994	automatically added
rt5365	ARAB14LO_c	rt5365:1	53.1294	automatically added
rt2122	ARAB14LO_x	rt2122:1	74.45034	automatically added
rt8345	ARAB1Dx_c	rt8345:1	45.96345	automatically added
rt5845	ARABRy_c	rt5845:1	35.29381000000001	automatically added
rt1544rt2799	ARACHt_c_e,DCAt_c_e,DDCAt_c_e,HDCAt_c_e,HDCEAt_c_e,OCDCAt_c_e,OCDCEAt_c_e,OCTAt_c_e,TTDCAt_c_e	rt1544:1,rt2799:1	147.56027	automatically added
rt6112	ARAI2_c	rt6112:1	54.77723	automatically added
rt4526	ARAK_c	rt4526:1	54.12245	automatically added
rt7813	ARGN_c	rt7813:1	34.605779999999996	automatically added
rt3236	ARGSL_c	rt3236:1	52.58375	automatically added
rt7828	ARGSS_c	rt7828:4	197.99963999999994	automatically added
rt1711	ARGTRS_c	rt1711:1	71.5905	automatically added
rt0111	ARGtpa_v,HIStpa_v,LYStpa_v,TYRtpa_v	rt0111:1	71.87853	automatically added
rt1689	ARGtps_e,ORNtps_e	rt1689:1	62.363569999999996	automatically added
rt3356	ARMT_c	rt3356:1	33.72295999999999	automatically added
rt7912	ARMT_c	rt7912:1	39.267979999999994	automatically added
rt7917	ARMT_c	rt7917:1	49.74232	automatically added
rt1648	ARMT_c	rt1648:1	63.33363000000001	automatically added
rt5827	AROHL_c,PPNDH_c	rt5827:1	23.520069999999997	automatically added
rt6915	ARSO4H_c	rt6915:1	62.37216999999999	automatically added
rt6899	ARSO4H_c	rt6899:1	62.39301999999999	automatically added
rt1962	ASAD_c	rt1962:1	39.856049999999996	automatically added
rt5489	ASCBOX_c	rt5489:1	68.59571	automatically added
rt5259	ASNN_e,GLUN_e	rt5259:1	40.8644	automatically added
rt1675	ASNN_e,GLUN_e	rt1675:1	41.59515000000001	automatically added
rt6769	ASNS1_c	rt6769:1	67.62707999999999	automatically added
rt0799	ASNTRS_c	rt0799:1	65.84908	automatically added
rt3755	ASNTRS_m	rt3755:1	57.51105	automatically added
rt7819	ASNtpa_v,GLNtpa_v,ILEtpa_v,LEUtpa_v,TYRtpa_v	rt7819:1	79.55534	automatically added
rt8313	ASPCT_c	rt8313:2	494.61588	automatically added
rt8431	ASPGLUt_c_m,GLUt_c_m	rt8431:2	154.65424000000002	automatically added
rt6294	ASPK_c	rt6294:1	63.48945	automatically added
rt1784	ASPTA4_c,EGHLAT_c,LCYSTAT_c,PHETA1_c,TYRTAi_x	rt1784:1	54.245659999999994	automatically added
rt0568	ASPTA_c,EGHLAT_c,EGHLAT_x,TYRTAi_x	rt0568:1	47.19712000000001	automatically added
rt5913	ASPTA_x,ASPTAi_m	rt5913:1	47.462500000000006	automatically added
rt5562	ASPTA_x,ASPTAi_m,EGHLAT_m,EGHLAT_x,PHETA1_m,TYRTA_m,TYRTAi_x	rt5562:1	45.61232999999999	automatically added
rt5890	ASPTRS_c	rt5890:1	71.63736	automatically added
rt6356	ATAH_c	rt6356:2	130.20409999999998	automatically added
rt1844	ATHRDHr_c,LSERDHi_c	rt1844:1	29.642259999999997	automatically added
rt5249	ATPASEP2e_c	rt5249:1	110.07301	automatically added
rt7216	ATPASEP2e_c	rt7216:1	116.23514000000003	automatically added
rt0602	ATPASEP2e_c,NDP10_c,NDP1_c,NDP3_c,NDP4_c,NDP5_c,NDP7_c,NDP7_g,NTP10_c,NTP3_c,NTP4_c,NTP5_c,NTP7_c	rt0602:1	100.13632999999999	automatically added
rt0842rt1254rt1380rt2434rt2657rt2684rt2696rt2749rt3035rt6603rt6941rt6983rt7595rt8029	ATPASEV_v	rt0842:1,rt1254:1,rt1380:10,rt2434:1,rt2657:10,rt2684:1,rt2696:1,rt2749:1,rt3035:10,rt6603:1,rt6941:1,rt6983:1,rt7595:1,rt8029:1	991.9780199999999	automatically added
rt8184	ATPATF1_c	rt8184:1	36.95047	automatically added
rt5328	ATPATF1_c	rt5328:1	38.01408	automatically added
rt1520	ATPPRT_c	rt1520:1	32.97965	automatically added
rt2306rt3590rt3599rt5056rt5391rt5474rt6418rt6544rt7221rt7512rt7991rtmATP6rtmATP8rtmATP9	ATPS_m	rt2306:1,rt3590:1,rt3599:1,rt5056:1,rt5391:1,rt5474:1,rt6418:2,rt6544:1,rt7221:1,rt7512:1,rt7991:1,rtmATP6:1,rtmATP8:1,rtmATP9:1	359.15641999999997	automatically added
rt0712rt2306rt3590rt3599rt5056rt5391rt5474rt6418rt6544rt7221rt7991rtmATP6rtmATP8rtmATP9	ATPS_m	rt0712:1,rt2306:1,rt3590:1,rt3599:1,rt5056:1,rt5391:1,rt5474:1,rt6418:2,rt6544:1,rt7221:1,rt7991:1,rtmATP6:1,rtmATP8:1,rtmATP9:1	360.83648	automatically added
rt7877	AVNORy_c	rt7877:1	43.38605000000001	automatically added
rt8036	BACCL_c	rt8036:1	72.90365000000001	automatically added
rt6692	BBOX_m,GBBOX_c	rt6692:1	37.77931999999999	automatically added
rt2053	BETALDHx_x	rt2053:1	56.51104	automatically added
rt2305	BPNT_c	rt2305:1	38.20433	automatically added
rt5273	BTDDH_c	rt5273:1	40.20744999999999	automatically added
rt7540	BTS1_c,BTS1_m	rt7540:1	45.26982	automatically added
rt1936	BZHYOX_r	rt1936:1	61.241910000000004	automatically added
rt0303	C14STR_c	rt0303:1	52.96714	automatically added
rt3348	C22STDSy_c	rt3348:1	58.21609	automatically added
rt2613	C24STR_r	rt2613:1	55.95432	automatically added
rt0467	C3STDH1_c,C3STDH2_c	rt0467:1	49.274089999999994	automatically added
rt8272	C4STMO1_c,C4STMO2_c,C4STMO3_c,C4STMO4_c	rt8272:1	36.76677	automatically added
rt0413	C5STDS_c	rt0413:1	47.19926000000001	automatically added
rt1745	C8STI_c	rt1745:1	25.132340000000003	automatically added
rt0221	CAROL1_c,CAROL2_c,CAROL3_c,PHYTOES_c	rt0221:1	67.99560000000001	automatically added
rt0220	CAROMOX1_c,CAROMOX2_c	rt0220:1	71.13587000000001	automatically added
rt0267	CATDOX_c	rt0267:1	33.77942	automatically added
rt4767	CATOX_e	rt4767:1	54.62344	automatically added
rt4763	CATOX_e	rt4763:1	83.13604999999998	automatically added
rt0986	CAT_c	rt0986:1	84.98065	automatically added
rt6937	CAT_x	rt6937:1	66.69018000000001	automatically added
rt0391	CBL_c	rt0391:1	43.629979999999996	automatically added
rt0389	CBL_c	rt0389:1	128.27358999999998	automatically added
rt2726	CBMHL_c	rt2726:1	18.15748	automatically added
rt3934rt4929rt8313	CBPS_c	rt3934:2,rt4929:2,rt8313:2	853.3846199999999	automatically added
rt4513	CDPDAGS_mm,CDPDAGS_rm	rt4513:1	71.56564	automatically added
rt0160	CELLBH_e	rt0160:1	75.4473	automatically added
rt8348	CELLBH_e	rt8348:1	85.68513	automatically added
rt8349	CELLBH_e	rt8349:1	86.75567000000001	automatically added
rt5118	CELLBH_e	rt5118:1	92.55743	automatically added
rt1271	CELLBH_e	rt1271:1	94.84643	automatically added
rt3508	CEPHSCOX_x,DAO4hpro_x,DAOala_x,DAOarg_x,DAOgly_x,DAOorn_x,DAOpro_x	rt3508:1	40.32298	automatically added
rt7626	CEPHSCOX_x,DAO4hpro_x,DAOala_x,DAOarg_x,DAOgly_x,DAOorn_x,DAOpro_x	rt7626:1	40.45328	automatically added
rt7081	CEPHSCOX_x,DAO4hpro_x,DAOala_x,DAOarg_x,DAOgly_x,DAOorn_x,DAOpro_x	rt7081:1	40.542339999999996	automatically added
rt6946	CERH124A_r,CERH126A_r,PSPHS_r	rt6946:1	41.11318	automatically added
rt1296	CERH124B_r,CERH126B_r,CERH2A24_r,CERH2A26_r,CERH324_r,CERH326_r	rt1296:1	43.93037	automatically added
rt6800	CERS124_c,CERS126_c,CERS2A24_r,CERS2A26_r	rt6800:1	47.073660000000004	automatically added
rt3023	CERS124_c,CERS126_c,CERS2A24_r,CERS2A26_r,SPHGAT181_c	rt3023:1	48.76497	automatically added
rt5077	CFCOAMT_c	rt5077:1	33.405049999999996	automatically added
rt5076	CFCOAMT_c	rt5076:1	35.758709999999994	automatically added
rt2528	CHITOSNSE_c	rt2528:1	41.04242000000001	automatically added
rt2172	CHLPCTD_c	rt2172:1	26.85388	automatically added
rt5191	CHLSTI2_c	rt5191:1	24.158670000000004	automatically added
rt2848	CHOLD_c	rt2848:1	67.05848	automatically added
rt3274	CHOLD_c	rt3274:1	75.89812	automatically added
rt7614	CHOLK_c,ETHAK_c	rt7614:1	95.95348999999999	automatically added
rt0720	CHOLPT_rm	rt0720:1	49.31751	automatically added
rt2983	CHOLPT_rm,ETHAPT_rm	rt2983:1	58.27537	automatically added
rt7623	CHOLtps_e	rt7623:1	54.89759	automatically added
rt1336	CHORM_c	rt1336:2	65.5796	automatically added
rt5669	CHORS_c	rt5669:4	159.46148000000002	automatically added
rt4385	CHTNDA_c	rt4385:1	30.13687	automatically added
rt0086	CHTNDA_c	rt0086:1	42.22035999999999	automatically added
rt0089	CHTNDA_c	rt0089:1	42.48170999999999	automatically added
rt6259	CHTNDA_c	rt6259:1	51.53196	automatically added
rt6255	CHTNDA_c	rt6255:1	52.597100000000005	automatically added
rt4171	CHTNH_e	rt4171:1	43.9065	automatically added
rt5734	CHTNH_e	rt5734:1	45.68860999999999	automatically added
rt4186	CHTNH_e	rt4186:1	46.214510000000004	automatically added
rt6409	CHTNH_e	rt6409:1	47.44494	automatically added
rt4714	CHTNH_e	rt4714:1	52.49915000000001	automatically added
rt5596	CHTNH_e	rt5596:1	85.50511	automatically added
rt4284	CHTNH_v	rt4284:1	57.66972999999999	automatically added
rt1388	CHTNS_c	rt1388:1	86.26498000000001	automatically added
rt0073	CHTNS_c	rt0073:1	102.61857	automatically added
rt6592	CHTNS_c	rt6592:1	107.43879	automatically added
rt1343	CHTNS_c	rt1343:1	112.45827	automatically added
rt6173	CHTNS_c	rt6173:1	131.23548	automatically added
rt7460	CHTNS_c	rt7460:1	167.98841000000002	automatically added
rt0540	CHTNS_c	rt0540:1	221.23081999999997	automatically added
rt0144	CHTNS_c	rt0144:1	228.29293	automatically added
rt1454	CITCOAL_c	rt1454:1	37.86081000000001	automatically added
rt2146	CITICITta_m,CITMALta_m,CITt3_m	rt2146:1	32.22863999999999	automatically added
rt8047	CLPNS_mm	rt8047:1	32.51373999999999	automatically added
rt6468	CLt_c_e	rt6468:1	99.53664000000002	automatically added
rt4023	CMBOLHcis_c,CMBOLHtrans_c	rt4023:1	29.345910000000003	automatically added
rt6386	CMBOLHcis_c,CMBOLHtrans_c	rt6386:1	32.312479999999994	automatically added
rt3507	CMPA_c	rt3507:1	38.15435	automatically added
rt5764	CMUCOC_c	rt5764:1	41.298469999999995	automatically added
rt0548	COAt_c_m	rt0548:1	43.84440000000001	automatically added
rt3377	CPLSPNEST_e	rt3377:1	60.78956999999999	automatically added
rt5829	CPPPGO_c	rt5829:2	108.2109	automatically added
rt0963	CRN100t_c_m,CRN120t_c_m,CRN40t_c_m,CRN60t_c_m,CRN80t_c_m,CRNACRNt_c_m,CRNt_c_m	rt0963:1	32.328900000000004	automatically added
rt7415	CRN100t_c_x,CRN120t_c_x,CRN40t_c_x,CRN60t_c_x,CRN80t_c_x,CRNAT100_m,CRNAT120_m,CRNAT40_m,CRNAT60_m,CRNAT80_m	rt7415:1	79.20688	automatically added
rt5212	CRNAT100_x,CRNAT120_x,CRNAT40_x,CRNAT60_x,CRNAT80_x,CRNOAT_c	rt5212:1	79.22346999999999	automatically added
rt5877	CRNAT100_x,CRNAT120_x,CRNAT40_x,CRNAT60_x,CRNAT80_x,CRNOAT_m,CRNOAT_x	rt5877:1	71.17569999999999	automatically added
rt0947	CRNOAT_m	rt0947:1	77.86113	automatically added
rt6191	CSND_c	rt6191:2	36.30094	automatically added
rt6644	CSNPURt_c_e	rt6644:1	58.50998	automatically added
rt2963	CS_m,MCITS_m	rt2963:1	50.67682	automatically added
rt0180	CS_x	rt0180:1	54.69788	automatically added
rt4019	CTPCMPt_c_m,CTPt2_m,UTPUMPtp_m,UTPt_c_m	rt4019:1	44.58963000000001	automatically added
rt8107	CTPS2_c	rt8107:1	67.12913999999999	automatically added
rt3663	CYSS_c	rt3663:1	41.978049999999996	automatically added
rt1131	CYSTGL_c,SHSL1_c	rt1131:1	52.52641000000002	automatically added
rt1487	CYSTRS_c	rt1487:1	87.26594999999999	automatically added
rt7344	CYSTS_c	rt7344:1	41.172770000000014	automatically added
rt0265	CYTDK2_c,URIK1_c,URIK2_c	rt0265:1	61.39184999999999	automatically added
rt7919	CYTD_c,DCYTD_c	rt7919:1	18.431649999999998	automatically added
rt4312	DAG3Pabct_c_m,PEtabc_m,PGt_c_m,PSt_c_m	rt4312:1	132.54755	automatically added
rt1060	DAG3Pabct_c_m,PEtabc_m,PGt_c_m,PSt_c_m	rt1060:1	192.60196	automatically added
rt1788	DAGK_rm	rt1788:1	32.675259999999994	automatically added
rt5949	DAGL_m,TAGL_m	rt5949:1	30.59237	automatically added
rt0632	DAGL_m,TAGL_m	rt0632:1	44.4532	automatically added
rt8298	DB4PS_c	rt8298:2	56.53479999999999	automatically added
SPONT	DCAt_c_x,DDCAt_c_x,OCTAt_c_x,PIt_c_v,PIt_c_vm,TTDCAt_c_x	SPONT:1	0.0	automatically added
rt5693	DCAt_c_x,DDCAt_c_x,OCTAt_c_x,TTDCAt_c_x	rt5693:1	27.760880000000004	automatically added
rt8268	DCMPDA_c	rt8268:1	28.991900000000005	automatically added
rt0757	DCMPDA_c,DCTPD_c	rt0757:1	99.69795	automatically added
rt2234	DDPA_c	rt2234:1	40.31724	automatically added
rt3539	DECOAI82e_x	rt3539:1	30.2382	automatically added
rt4860	DECOAR102d_x,DECOAR103e_x,DECOAR82e_x,ECOAR122_x,ECOAR142_x	rt4860:1	29.927689999999995	automatically added
rt8092	DGAT_l,DGAT_rm	rt8092:1	39.47118	automatically added
rt3670	DGK1_c,GK1_c	rt3670:1	61.895570000000006	automatically added
rt3157	DGK1_c,GK1_c,GK2_c	rt3157:1	22.84465	automatically added
rt2544	DGLCND3H_c,DGLCND5H_c	rt2544:1	28.70952	automatically added
rt4719	DGPP_vm,LPAP_vm,PAP_vm	rt4719:1	39.09821000000001	automatically added
rt6258	DHAD1_c,DHAD2_c,GTPDPDP_c	rt6258:1	62.31331999999999	automatically added
rt1321	DHAD1_m,DHAD2_m	rt1321:1	58.574310000000004	automatically added
rt3901	DHAK_c	rt3901:1	65.54157999999998	automatically added
rt5001	DHAPAT_l,DHAPAT_rm	rt5001:1	96.09786	automatically added
rt3791	DHFRi_c,DHFRi_m,FOLR_c,FOLR_m	rt3791:1	25.67468	automatically added
rt2092	DHFS_1_c	rt2092:1	53.76912	automatically added
rt6009	DHNPA2i_m,DHPTS_m,FOLD3_m,HPPK2_m	rt6009:1	89.70139999999998	automatically added
rt6498	DHORDfum_c	rt6498:1	43.124489999999994	automatically added
rt3923	DHORTS_c	rt3923:1	41.13557999999999	automatically added
rt3509	DHPM2_c	rt3509:1	56.83538999999999	automatically added
rt7138	DHPPDA2_c	rt7138:1	20.322710000000008	automatically added
rt3937	DHQS_c	rt3937:1	43.93982	automatically added
rt5884	DHQS_c,DHQTi_c,PSCIT_c,SHK3Di_c,SHKK_c	rt5884:2	357.91092	automatically added
rt2204	DHQTi_c	rt2204:6	123.05411999999998	automatically added
rt8137	DIPS_c	rt8137:1	33.5582	automatically added
rt7962	DKMEOX_c,DKMPPH_c	rt7962:1	20.318379999999998	automatically added
rt4576	DMATT_c,GRTT_c	rt4576:1	40.51554	automatically added
rt6247	DNMPPA_c	rt6247:2	75.52714	automatically added
rt4736	DNTP_c	rt4736:1	24.09783	automatically added
rt5681	DOLDPP_c	rt5681:1	30.300669999999997	automatically added
rt0544	DOLK_c	rt0544:1	108.13674999999999	automatically added
rt3753	DOLPMMT_r,OGLYCANS1_r	rt3753:1	92.25734000000001	automatically added
rt0400rt5472	DOLPMMT_r,OGLYCANS1_r	rt0400:1,rt5472:1	199.04424000000003	automatically added
rt5116	DOLPMT_c	rt5116:1	41.42507	automatically added
rt2746	DPCOAK_c	rt2746:1	29.00226	automatically added
rt1542	DPGM_c,PGM_c	rt1542:1	23.40615	automatically added
rt3441	DPGT_c	rt3441:1	40.10039	automatically added
rt3542	DPMVD_c	rt3542:1	45.086439999999996	automatically added
rt8154	DPR_c	rt8154:1	51.03903999999999	automatically added
rt5909	DPR_c	rt5909:1	58.0474	automatically added
rt8469	DRAPPRy_c	rt8469:1	28.50275	automatically added
rt2501	DRBK_c,RBK_c	rt2501:2	72.22624	automatically added
rt6884	DTMPK_c	rt6884:1	25.491139999999994	automatically added
rt5532	DUTPDP_c	rt5532:2	55.565439999999995	automatically added
rt0031	DUTPDP_c	rt0031:3	80.69937	automatically added
rt1830	DXHPSq9_c	rt1830:1	41.29009	automatically added
rt3469	EAR40y_m,EAR60y_m,EAR80y_m	rt3469:1	44.419290000000004	automatically added
rt6437	ECOAH100_m,ECOAH120_m,ECOAH121a_m,ECOAH140_m,ECOAH141b_m,ECOAH141c_m,ECOAH160_m,ECOAH161b_m,ECOAH161c_m,ECOAH180_m,ECOAH181a_m,ECOAH40_m,ECOAH60_m,ECOAH80_m	rt6437:1	31.12824	automatically added
rt8147	ECOAH100_x,ECOAH101e_x,ECOAH120_x,ECOAH121a_x,ECOAH121d_x,ECOAH122e_x,ECOAH140_x,ECOAH141b_x,ECOAH141c_x,ECOAH142_x,ECOAH143_x,ECOAH160_x,ECOAH161b_x,ECOAH161c_x,ECOAH162_x,ECOAH163_x,ECOAH180_x,ECOAH181a_x,ECOAH182_x,ECOAH183_x,ECOAH200_x,ECOAH220_x,ECOAH240_x,ECOAH260_x,ECOAH40_x,ECOAH60_x,ECOAH80_x	rt8147:1	31.12526	automatically added
rt2994	ECOAH100_x,ECOAH101e_x,ECOAH120_x,ECOAH121a_x,ECOAH121d_x,ECOAH122e_x,ECOAH140_x,ECOAH141b_x,ECOAH141c_x,ECOAH142_x,ECOAH143_x,ECOAH160_x,ECOAH161b_x,ECOAH161c_x,ECOAH162_x,ECOAH163_x,ECOAH180_x,ECOAH181a_x,ECOAH182_x,ECOAH183_x,ECOAH200_x,ECOAH220_x,ECOAH240_x,ECOAH260_x,ECOAH40_x,ECOAH60_x,ECOAH80_x,HACD100i_x,HACD101ei_x,HACD120i_x,HACD121ai_x,HACD121di_x,HACD122ei_x,HACD140i_x,HACD141ai_x,HACD141bi_x,HACD142i_x,HACD143i_x,HACD160i_x,HACD161ai_x,HACD161bi_x,HACD162i_x,HACD163i_x,HACD180i_x,HACD181ai_x,HACD182i_x,HACD183i_x,HACD200i_x,HACD220i_x,HACD240i_x,HACD260i_x,HACD40i_x,HACD60i_x,HACD80i_x	rt2994:1	96.59713999999998	automatically added
rt1925	ECOAI101a_x,ECOAI101d_x,ECOAI102e_x,ECOAI121a_x,ECOAI121b_x,ECOAI122c_x,ECOAI122d_x,ECOAI123e_x,ECOAI141a_x,ECOAI142c_x,ECOAI81e_x,ECOAI82e_x	rt1925:1	29.140019999999996	automatically added
rt7873	ECOAR200_rm,ECOAR220_rm,ECOAR240_rm,ECOAR260_rm	rt7873:1	36.88728	automatically added
rt0669	ENO_c	rt0669:1	51.316919999999996	automatically added
rt2116	EPGALURS_e	rt2116:1	36.10962000000001	automatically added
rt6543	EPISTt_c_e,ERGSTt_c_e,LANOSTt_c_e	rt6543:1	177.48858	automatically added
rt5466	ERGSTGLCT_c	rt5466:1	188.72043000000002	automatically added
rt1518rt1701rt1850	ETFOXRq9_c,ETFOXRq9_m	rt1518:1,rt1701:1,rt1850:1	135.64348	automatically added
rt3897	ETNO2OX_c	rt3897:1	33.269969999999994	automatically added
rt1269rt4799	FACOA120tabc_x,FACOA140tabc_x,FACOA160tabc_x,FACOA161tabc_x,FACOA180tabc_x,FACOA181tabc_x,FACOA182tabc_x,FACOA183tabc_x,FACOA200tabc_x,FACOA220tabc_x,FACOA240tabc_x,FACOA260tabc_x	rt1269:1,rt4799:1	169.74694	automatically added
rt7680	FACOAE100_x,FACOAE120_x,FACOAE140_x,FACOAE160_x,FACOAE161_x,FACOAE180_x,FACOAE181_x,FACOAE182_x,FACOAE183_x,FACOAE40_x,FACOAE60_x,FACOAE80_x	rt7680:1	37.92615	automatically added
rt4680	FACOAE120_c,FACOAE140_c,FACOAE160_c,FACOAE161_c,FACOAE180_c,FACOAE181_c,FACOAE182_c,FACOAE183_c	rt4680:1	50.668110000000006	automatically added
rt0088	FACOAE160_c,FACOAE161_c,FACOAE180_c,FACOAE181_c,FACOAE182_c,FACOAE183_c	rt0088:1	45.425270000000005	automatically added
rt7761	FACOAL100_x,FACOAL120_x,FACOAL140_x,FACOAL160_x,FACOAL161_x,FACOAL180_x,FACOAL181_x,FACOAL182_x,FACOAL183_x,FACOAL200_x,FACOAL220_x,FACOAL240_x,FACOAL260_x,FACOAL80_x	rt7761:1	67.80943	automatically added
rt4187	FACOAL100_x,FACOAL120_x,FACOAL140_x,FACOAL160_x,FACOAL161_x,FACOAL180_x,FACOAL181_x,FACOAL182_x,FACOAL183_x,FACOAL80_x	rt4187:1	81.30323999999999	automatically added
rt2799	FACOAL120_l,FACOAL120_rm,FACOAL140_l,FACOAL140_rm,FACOAL160_l,FACOAL160_rm,FACOAL161_l,FACOAL161_rm,FACOAL180_l,FACOAL180_rm,FACOAL181_l,FACOAL181_rm,FACOAL182_l,FACOAL182_rm,FACOAL183_l,FACOAL183_rm	rt2799:1	76.30738000000001	automatically added
rt7380	FACOAL200_en,FACOAL220_en,FACOAL240_en,FACOAL260_en	rt7380:1	74.58029000000002	automatically added
rt1544	FACOAL200_l,FACOAL200_rm,FACOAL220_l,FACOAL220_rm,FACOAL240_l,FACOAL240_rm,FACOAL260_l,FACOAL260_rm	rt1544:1	71.25289	automatically added
rt6908	FACOAL40o_x	rt6908:1	74.35385000000001	automatically added
rt5791	FADH2t_c_m,FADt_c_m	rt5791:1	36.342299999999994	automatically added
rt7052	FBA2_c,FBA3_c,FBA_c	rt7052:1	39.368919999999996	automatically added
rt7376	FBP2_c	rt7376:1	50.71102	automatically added
rt6827	FBP2_c	rt6827:1	74.40564	automatically added
rt7055	FBP_c	rt7055:4	149.06995999999998	automatically added
rt7907	FCLT_m	rt7907:1	204.21153	automatically added
rt3584	FDH_c	rt3584:2	79.0045	automatically added
rt2087	FE2t_c_e	rt2087:1	62.156569999999995	automatically added
rt0996	FE2t_c_e	rt0996:1	69.7381	automatically added
rt0996rt7477	FE3t_c_e	rt0996:1,rt7477:1	116.8115	automatically added
rt0353rt1326rt2577rt3401rt3794rt5312rtmCOX1rtmCOX2rtmCOX3	FECOOR_m	rt0353:1,rt1326:1,rt2577:1,rt3401:1,rt3794:1,rt5312:1,rtmCOX1:1,rtmCOX2:1,rtmCOX3:1	255.35001999999997	automatically added
rt0434rt0797rt2317rt2949rt2984rt3401rt3417rt4138rt4639rt5260rtmCOX1rtmCOX2rtmCOX3	FECOOR_m	rt0434:1,rt0797:1,rt2317:1,rt2949:1,rt2984:1,rt3401:1,rt3417:1,rt4138:1,rt4639:1,rt5260:1,rtmCOX1:1,rtmCOX2:1,rtmCOX3:1	328.39126	automatically added
rt0434rt0797rt2317rt2949rt3401rt3417rt4138rt4639rt4907rt5260rtmCOX1rtmCOX2rtmCOX3	FECOOR_m	rt0434:1,rt0797:1,rt2317:1,rt2949:1,rt3401:1,rt3417:1,rt4138:1,rt4639:1,rt4907:1,rt5260:1,rtmCOX1:1,rtmCOX2:1,rtmCOX3:1	328.49044	automatically added
rt0434rt0797rt2317rt2949rt2984rt3160rt3417rt4138rt4639rt5260rtmCOX1rtmCOX2rtmCOX3	FECOOR_m	rt0434:1,rt0797:1,rt2317:1,rt2949:1,rt2984:1,rt3160:1,rt3417:1,rt4138:1,rt4639:1,rt5260:1,rtmCOX1:1,rtmCOX2:1,rtmCOX3:1	332.80568999999997	automatically added
rt0434rt0797rt2317rt2949rt3160rt3417rt4138rt4639rt4907rt5260rtmCOX1rtmCOX2rtmCOX3	FECOOR_m	rt0434:1,rt0797:1,rt2317:1,rt2949:1,rt3160:1,rt3417:1,rt4138:1,rt4639:1,rt4907:1,rt5260:1,rtmCOX1:1,rtmCOX2:1,rtmCOX3:1	332.90486999999996	automatically added
rt0434rt2443	FECPOR_m	rt0434:1,rt2443:1	45.75155000000001	automatically added
rt0434rt4793	FECPOR_m	rt0434:1,rt4793:1	52.20651999999999	automatically added
rt0434rt0830rt1337rt3250rt4598rt5240rt5246rt6863rt7313rt7390rtmCOB	FECRq9_m	rt0434:1,rt0830:1,rt1337:1,rt3250:1,rt4598:2,rt5240:1,rt5246:1,rt6863:1,rt7313:1,rt7390:1,rtmCOB:1	286.5061599999999	automatically added
rt6420	FKYNH_c	rt6420:1	33.492309999999996	automatically added
rt3408	FKYNH_c,UDPGD_c	rt3408:1	51.98575999999999	automatically added
rt3531	FMETTRS_m	rt3531:1	50.21704000000001	automatically added
rt8485	FMNRx2_c,FMNRx_c	rt8485:1	31.428240000000006	automatically added
rt3052	FRD_c	rt3052:1	68.38883000000001	automatically added
rt7438	FRMDAH_c	rt7438:1	45.73923000000001	automatically added
rt6471	FRMDH_c	rt6471:1	40.83218999999999	automatically added
rt8135	FRTT_c	rt8135:1	40.823989999999995	automatically added
rt4281	FRTT_l,GGTT_l,PPTT_l,PRENT10_l,PRENT11_l,PRENT12_l,PRENT13_l,PRENT14_l,PRENT15_l,PRENT16_l,PRENT17_l,PRENT18_l,PRENT19_l,PRENT20_l,PRENT21_l,PRENT6_l,PRENT7_l,PRENT8_l,PRENT9_l	rt4281:1	33.78921	automatically added
rt3556	FRUtps_e,GALtps_e,GLCt_c_e,MANtps_e	rt3556:1	57.84667999999999	automatically added
rt2833	FRUtps_e,GALtps_e,GLCt_c_e,MANtps_e	rt2833:1	63.38331999999999	automatically added
rt7817	FRUtps_e,GALtps_e,GLCt_c_e,MANtps_e	rt7817:1	70.31688999999999	automatically added
rt1480	FRUtps_e,GLCt_c_e,MANtps_e	rt1480:1	15.54548	automatically added
rt2496	FRUtps_e,GLCt_c_e,MANtps_e	rt2496:1	58.78015	automatically added
rt2707	FRUtps_e,GLCt_c_e,MANtps_e	rt2707:1	63.35964	automatically added
rt1375	FRUtps_e,GLCt_c_e,MANtps_e	rt1375:1	72.57241	automatically added
rt4194	FTHFCL_c	rt4194:1	24.97817	automatically added
rt6998	FTHFL_m,MTHFC_m,MTHFD_m	rt6998:2	217.30846	automatically added
rt3594	FUMACACH_c	rt3594:1	46.4036	automatically added
rt7056	FUMACACH_m	rt7056:1	25.44167	automatically added
rt3874	FUMACACH_m	rt3874:1	31.149009999999993	automatically added
rt7624	FUMACACH_m	rt7624:1	32.77996	automatically added
rt5633	FUM_c,FUM_m	rt5633:1	51.57704000000001	automatically added
rt2297	G3PAT_l,G3PAT_rm	rt2297:1	79.73648999999999	automatically added
rt4413	G3PCt_c_e,G3PIt_c_e	rt4413:1	48.31561	automatically added
rt3786	G3PD1i_x,G3PD1r_c	rt3786:1	38.83071	automatically added
rt6208	G3PD1r_c	rt6208:1	45.635239999999996	automatically added
rt2671	G3PDf_m	rt2671:1	95.59192	automatically added
rt0092	G3PT_c	rt0092:1	37.92865999999999	automatically added
rt7905	G5SDy_c	rt7905:1	49.707319999999996	automatically added
rt1632	G6PDH2i_c	rt1632:1	49.21139999999998	automatically added
rt8255	G6PE_c	rt8255:1	32.57118	automatically added
rt5622	GALKi_c	rt5622:1	71.48635999999999	automatically added
rt0174	GALOX_e	rt0174:1	69.46489	automatically added
rt2964	GALT_c,UGLT_c	rt2964:1	46.334599999999995	automatically added
rt3384	GALUi_c	rt3384:1	55.744889999999984	automatically added
rt2336	GALtps_e,GLCt_c_e,GLYCtps_e	rt2336:1	55.77284999999999	automatically added
rt3311	GAPD_c	rt3311:1	42.66518999999999	automatically added
rt2245	GAPD_c	rt2245:4	147.8288	automatically added
rt5227	GARFT_c	rt5227:1	37.82620999999999	automatically added
rt4177	GDPMANt_c_g	rt4177:1	41.5306	automatically added
rt3730rt3731	GF6PTA_c	rt3730:1,rt3731:1	111.31265000000002	automatically added
rt1299	GHMT2r_c	rt1299:1	52.27449000000001	automatically added
rt5828	GLCDx_c	rt5828:1	30.01625	automatically added
rt0298	GLCDx_c	rt0298:1	35.150729999999996	automatically added
rt4271	GLCGSD_c	rt4271:1	177.70717000000002	automatically added
rt6375	GLCGSD_v	rt6375:1	69.50372999999999	automatically added
rt0518	GLCNtps_e	rt0518:1	53.26819	automatically added
rt5888	GLCP_c	rt5888:1	100.37121	automatically added
rt1473	GLCt_c_e	rt1473:1	59.28448	automatically added
rt4674	GLCt_c_e,INOSTtps_e	rt4674:1	60.84477999999999	automatically added
rt7394	GLCt_c_v	rt7394:1	48.11627000000001	automatically added
rt3525	GLCtps_e,XYLt_c_e	rt3525:1	61.57262	automatically added
rt3476	GLNS_c	rt3476:8	320.68192	automatically added
rt5012	GLNTRS_c	rt5012:1	92.71251000000002	automatically added
rt6820	GLU5K_c	rt6820:1	54.73251	automatically added
rt3654	GLUCYS_c	rt3654:1	45.41313999999999	automatically added
rt3639	GLUCYS_c	rt3639:1	87.85931	automatically added
rt1066	GLUDC_c	rt1066:1	45.32767	automatically added
rt2354	GLUDC_c	rt2354:1	63.542269999999995	automatically added
rt1067	GLUDC_c	rt1067:1	64.01495	automatically added
rt1488	GLUDxi_c	rt1488:1	117.38395999999996	automatically added
rt3880	GLUDy_c	rt3880:6	289.30266000000006	automatically added
rt5611	GLUN_c	rt5611:1	76.15433	automatically added
rt6932	GLUPRT_c	rt6932:1	61.73191	automatically added
rt4701	GLUR_c	rt4701:1	36.40420999999999	automatically added
rt7345	GLUSx_c	rt7345:3	717.6837899999998	automatically added
rt3621	GLUTCOADH_m	rt3621:1	47.20855	automatically added
rt2385	GLUTRS_c	rt2385:1	93.46198000000001	automatically added
rt6197	GLUTRS_m	rt6197:1	65.07095999999999	automatically added
rt4150	GLUt_c_m,GLYt_c_m	rt4150:1	32.66314	automatically added
rt3388	GLYCDy_c	rt3388:1	36.07475000000001	automatically added
rt1670	GLYCK_c	rt1670:1	36.24060000000001	automatically added
rt1672rt1837rt4530rt6816	GLYCL_m,THFAT_m	rt1672:1,rt1837:1,rt4530:1,rt6816:1	233.73253	automatically added
rt1228rt5634	GLYGS_c	rt1228:1,rt5634:1	178.51175	automatically added
rt2654	GLYK_c	rt2654:1	64.88282000000001	automatically added
rt4673	GLYOX_c	rt4673:1	28.262249999999998	automatically added
rt5195	GLYOX_m	rt5195:1	36.80449999999999	automatically added
rt7136	GLYTRS_c	rt7136:2	164.14651999999998	automatically added
rt0066	GLYt_c_m	rt0066:1	38.68195	automatically added
rt2621	GMAND_c	rt2621:1	44.87288	automatically added
rt3255	GMAND_c	rt3255:1	45.10190000000001	automatically added
rt7388	GMPS2_c	rt7388:1	62.51164000000001	automatically added
rt2224	GND_c	rt2224:1	63.32616	automatically added
rt6799	GND_c	rt6799:2	108.86205999999999	automatically added
rt8291	GNK_c	rt8291:1	27.69321	automatically added
rt5724	GPIA10a_r	rt5724:1	94.28157999999999	automatically added
rt0563	GPIA10a_r,GPIA8b_r	rt0563:1	37.59323	automatically added
TRUErt3458rt5371rt5395	GPIA1_c	TRUE:1,rt3458:1,rt5371:1,rt5395:1	115.85471000000001	automatically added
rt3458rt5371rt5395rt6785	GPIA1_c	rt3458:1,rt5371:1,rt5395:1,rt6785:1	179.89319	automatically added
rt1519	GPIA2_c	rt1519:1	29.9611	automatically added
rt3333	GPIA3_c_r	rt3333:1	57.40559000000001	automatically added
rt3077	GPIA4_r,GPIA6_r	rt3077:1	49.50914	automatically added
rt1537	GPIA5_r	rt1537:1	47.4098	automatically added
rt4593	GPIA7_r	rt4593:1	68.28996999999998	automatically added
rt0237	GPIA8a_r	rt0237:1	62.69933000000001	automatically added
rt4069	GPIA8b_r,GPIA9a_r	rt4069:1	122.82172000000003	automatically added
rt7114rt8483	GTHO_c	rt7114:1,rt8483:1	65.4902	automatically added
rt7114rt8181	GTHO_c	rt7114:1,rt8181:1	70.07074	automatically added
rt0422rt7114	GTHO_c	rt0422:1,rt7114:1	82.83659	automatically added
rt0882rt7114	GTHO_m	rt0882:1,rt7114:1	71.95384	automatically added
rt8181	GTHP_c	rt8181:1	16.043280000000003	automatically added
rt0211	GTHP_c	rt0211:1	18.366539999999997	automatically added
rt2565	GTHP_c	rt2565:1	25.18927	automatically added
rt0882	GTHP_m	rt0882:1	17.926379999999998	automatically added
rt0422	GTHP_m	rt0422:1	28.809130000000003	automatically added
rt5171	GTHRDt_c_e	rt5171:1	84.93073999999997	automatically added
rt4896	GTHRDt_c_v,GTHRDtabc_v	rt4896:1	153.01222000000004	automatically added
rt1561	GTHS_c	rt1561:2	118.12313999999996	automatically added
rt1470	GTMLT_c	rt1470:1	69.94453	automatically added
rt4183	GTPCII2_c	rt4183:1	78.54637	automatically added
rt1964	GTPCI_c	rt1964:1	27.7256	automatically added
rt1567	GTPDPDP_c	rt1567:1	55.680769999999995	automatically added
rt5389	GTPGDPtp_m	rt5389:1	32.51204	automatically added
rt3492	GUAD_1_c	rt3492:1	23.96257	automatically added
rt1340	GUAD_1_c	rt1340:1	53.40022	automatically added
rt0682	GUAD_1_c	rt0682:1	60.35586000000001	automatically added
rt4077	GUAPRT_c,XPPT_c	rt4077:1	25.49357	automatically added
rt5618	H2Ot_c_e	rt5618:1	44.39796	automatically added
rt0646	H2Ot_c_e	rt0646:1	48.44228	automatically added
rt2835	HACD100i_m,HACD120i_m,HACD121ai_m,HACD140i_m,HACD141ai_m,HACD141bi_m,HACD160i_m,HACD161ai_m,HACD161bi_m,HACD180i_m,HACD181ai_m,HACD40i_m,HACD60i_m,HACD80i_m	rt2835:1	35.54411	automatically added
rt7916	HACD100i_x,HACD101ei_x,HACD120i_x,HACD121ai_x,HACD121di_x,HACD122ei_x,HACD140i_x,HACD141ai_x,HACD141bi_x,HACD142i_x,HACD143i_x,HACD160i_x,HACD161ai_x,HACD161bi_x,HACD162i_x,HACD163i_x,HACD180i_x,HACD181ai_x,HACD182i_x,HACD183i_x,HACD200i_x,HACD220i_x,HACD240i_x,HACD260i_x,HACD40i_x,HACD60i_x,HACD80i_x,HACDm40_c	rt7916:1	28.118539999999996	automatically added
rt6812	HACD40y_c	rt6812:1	32.12434999999999	automatically added
rt7648	HACNH_m,HCITR_m	rt7648:1	78.00326999999999	automatically added
rt6488	HCITS_m,HCITS_n	rt6488:1	52.63249	automatically added
rt4213	HCO3E_c	rt4213:1	26.134100000000004	automatically added
rt7391	HCYSMT_c	rt7391:1	44.58154	automatically added
rt2735	HEMEOS_m	rt2735:1	57.854090000000014	automatically added
rt7845	HETZK_c,TMPPP_c	rt7845:1	59.105889999999995	automatically added
rt1896	HEX1_c	rt1896:1	55.68330000000001	automatically added
rt3614	HEX1_c,HEX4_c,HEX7_c,HEX7b_c	rt3614:1	58.43215999999999	automatically added
rt7338	HGENDO_c	rt7338:1	56.63355000000002	automatically added
rt6850	HIBH_m	rt6850:1	60.716359999999995	automatically added
rt5326	HIBTD_c	rt5326:1	42.95935	automatically added
rt2060	HICITD_m	rt2060:1	39.20032	automatically added
rt3278	HISTD_c,PRAMPC_c,PRATPP_c	rt3278:1	94.78199000000002	automatically added
rt1838	HISTP_c	rt1838:1	42.437889999999996	automatically added
rt0207	HISTRS_c,HISTRS_m	rt0207:1	64.74777	automatically added
rt1949	HIStpa_v,LYStpa_v	rt1949:1	59.719590000000004	automatically added
rt0357	HKYNH_c,KYN_c	rt0357:2	118.42612000000001	automatically added
rt6500	HLYSMT_m	rt6500:1	46.609359999999995	automatically added
rt1397	HLYSMT_m	rt1397:1	54.967439999999996	automatically added
rt4178	HLYSMT_m	rt4178:1	55.080259999999996	automatically added
rt2220	HLYSMT_m	rt2220:1	56.10406	automatically added
rt2181	HLYSMT_m	rt2181:1	74.30224000000001	automatically added
rt6162	HLYSMT_m	rt6162:1	79.27701	automatically added
rt1965	HLYSMT_m	rt1965:1	139.25153999999998	automatically added
rt1206	HMGCOAR_c	rt1206:1	141.91217	automatically added
rt3754	HMGCOAS_c	rt3754:1	53.78357	automatically added
rt4410	HMPK1_c,PMPK_c,TMN_c	rt4410:1	58.37805	automatically added
rt1860rt7217rt8407	HOMOX_m	rt1860:1,rt7217:1,rt8407:1	133.06005	automatically added
rt5064	HPRORy_c,P5CR_c	rt5064:1	35.46877	automatically added
rt3938	HQLOR_c	rt3938:1	40.010349999999995	automatically added
rt3712	HSDx_c,HSDy_c	rt3712:1	41.828050000000005	automatically added
rt4145	HSERTA_c	rt4145:1	54.23007	automatically added
rt0283	HSK_c	rt0283:1	40.29665	automatically added
rt4862	HSTPT_c	rt4862:1	44.56120999999999	automatically added
rt7594	HXAND_c,XAND_c	rt7594:1	163.49572000000003	automatically added
rt3313rt3314	ICDHx_m	rt3313:8,rt3314:8	652.5281599999998	automatically added
rt2761	ICDHyi_m	rt2761:1	47.895969999999984	automatically added
rt5654	ICL_1_c,MCITL2_m	rt5654:1	60.7056	automatically added
rt0716	IG3PS_c	rt0716:1	67.25016	automatically added
rt0339	IGPDH_c	rt0339:1	22.817579999999996	automatically added
rt8196	IGPS_c,PRAIi_c	rt8196:1	83.34508999999998	automatically added
rt5646	ILETA_c,LEUTA_c,OMCDC_c,UNK3_c,VALTA_c	rt5646:1	42.1046	automatically added
rt6485	ILETA_c,LEUTA_c,VALTA_c	rt6485:1	35.33556	automatically added
rt6242	ILETA_m,LEUTA_m,OMCDC_m,UNK3_c,VALTA_m	rt6242:1	48.56007000000001	automatically added
rt5078	ILETRS_c	rt5078:1	128.89016	automatically added
rt7188	ILETRS_m	rt7188:1	121.53912999999997	automatically added
rt6501	ILEt_c_v,LEUt_c_v,TYRt_c_v	rt6501:1	62.93008	automatically added
rt0027	IMPD_c	rt0027:4	229.57104	automatically added
rt5713	INO3GALT_c	rt5713:1	36.90603	automatically added
rt5966	INO3GALT_c	rt5966:1	38.815270000000005	automatically added
rt2517	INOSHP3H_v,THMP_c	rt2517:1	63.35489	automatically added
rt0734	INOSTtps_e	rt0734:1	58.00260000000001	automatically added
rt4559	IPCS_g	rt4559:1	47.12536	automatically added
rt7835	IPDDI_c	rt7835:1	29.154529999999998	automatically added
rt4892	IPK2_n,IPK3_n,IPK4_n,IPK5_n	rt4892:1	38.15432	automatically added
rt5526	IPMD_c	rt5526:2	81.00125999999997	automatically added
rt6546	IPPMIa_c,IPPMIb_c	rt6546:1	81.58959999999999	automatically added
rt7120	IPPS_c	rt7120:1	68.53174	automatically added
rt4804	IPT_g	rt4804:1	45.68802	automatically added
rt7599rt7776	ITCOAL_m,SUCOAS_m	rt7599:2,rt7776:2	162.33424	automatically added
rt0808	KARA1i_m,KARA2i_m	rt0808:1	43.58544000000001	automatically added
rt0899	KYN3OX_c	rt0899:1	60.54399999999999	automatically added
rt7131	Kt_c_m	rt7131:1	85.62884000000001	automatically added
rt2101	Ktps_e,NAtpa_c	rt2101:1	83.42017	automatically added
rt1816	LACDtps_c,LACLtps_c,LACt_c_m,PYRtps_e	rt1816:1	53.302130000000005	automatically added
rt3783	LALDO3_c,LCADi_c	rt3783:1	39.22072	automatically added
rt5258	LDH_L_x,MERLACOR_c	rt5258:1	48.72753	automatically added
rt1776	LEUTRS_c	rt1776:1	126.32377999999999	automatically added
rt4897	LGTHL_c	rt4897:1	17.37019	automatically added
rt8152	LGTHL_c	rt8152:1	24.805559999999996	automatically added
rt8488	LIPOCT_m	rt8488:1	34.319559999999996	automatically added
rt0745	LLFC2O_c	rt0745:1	61.88336	automatically added
rt8239	LLFC2O_c	rt8239:4	229.89436	automatically added
rt4475rt4918	LNS14DMy_c	rt4475:1,rt4918:1	142.76657999999998	automatically added
rt0872	LNSTLS_c	rt0872:1	71.76062999999999	automatically added
rt1153	LPIAT_rm	rt1153:1	52.30865	automatically added
rt2643	LTA4H2_c,LTA4H2_n,LTA4H3_c,LTA4H3_n,LTA4H_c,LTA4H_n	rt2643:1	73.07606	automatically added
rt2880	LYSN6MOX_c,ORNN5MOX_c	rt2880:1	69.86506000000001	automatically added
rt3577	LYSTRS_c	rt3577:1	69.32598	automatically added
rt1768	M1PS_c	rt1768:4	258.1196	automatically added
rt0063	MACACI_c	rt0063:1	26.644910000000003	automatically added
rt3852	MACACI_c	rt3852:1	34.06491	automatically added
rt1360	MAGL_l	rt1360:1	39.805789999999995	automatically added
rt1089	MALS_c	rt1089:1	61.6214	automatically added
rt0767	MALT_c	rt0767:1	68.04213	automatically added
rt0769	MALTtps_e,TREtps_e	rt0769:1	62.138569999999994	automatically added
rt5142	MALt2_m,SUCCt2_m	rt5142:1	30.99569	automatically added
rt6588	MAN1PT_c	rt6588:1	40.39886	automatically added
rt0239	MAN6PI_c	rt0239:1	46.93464	automatically added
rt0045	MANNAN14H_c	rt0045:1	64.04132000000001	automatically added
rt2404	MANNANH_c	rt2404:1	45.88423	automatically added
rt2418	MANNANH_e	rt2418:1	47.97279	automatically added
rt2416	MANNANH_e	rt2416:1	52.72193	automatically added
rt6980	MANNANH_e	rt6980:1	56.71418	automatically added
rt7383	MANNANH_e	rt7383:1	64.74704999999999	automatically added
rt0564	MANNANH_e,NGLYCANS19_g	rt0564:1	65.87912999999999	automatically added
rt1779	MASCBRx_c	rt1779:1	58.53396	automatically added
rt7326rt8036	MCCC_m	rt7326:1,rt8036:1	134.89833000000002	automatically added
rt4499rt8036	MCCC_m	rt4499:1,rt8036:1	162.63660000000002	automatically added
rt5794	MCITL2_m	rt5794:1	66.52592	automatically added
rt2960	MCITS_m	rt2960:1	21.3147	automatically added
rt5893rt8174	MCOATA_m	rt5893:1,rt8174:1	73.89006	automatically added
rt2246	MDH_c	rt2246:2	71.74954	automatically added
rt2810	MDH_m	rt2810:2	71.80564000000001	automatically added
rt5416	MDLDH_x	rt5416:1	39.474549999999994	automatically added
rt7461	MDRPD_c	rt7461:1	27.56905	automatically added
rt5549	ME1_m,ME2_m	rt5549:1	70.45034999999999	automatically added
rt4393	ME2_c	rt4393:1	62.58083999999999	automatically added
rt5403	METAT_c	rt5403:1	47.1397	automatically added
rt8357	METB1_c	rt8357:1	43.093129999999995	automatically added
rt8374	METB1_c	rt8374:1	45.562630000000006	automatically added
rt3095	METB1_c,SHSL1_c	rt3095:1	84.50441000000001	automatically added
rt1457	METS_c,MHPGLUT_c	rt1457:1	86.83417000000001	automatically added
rt4772	METTRS_c	rt4772:1	80.0257	automatically added
rt7150	METTRS_m	rt7150:1	65.60372	automatically added
rt0390	MEVK1_c,MEVK2_c,MEVK3_c,MEVK4_c	rt0390:1	44.033060000000006	automatically added
rt7760	MGCH_m	rt7760:1	33.016329999999996	automatically added
rt6885	MI134PPH_c	rt6885:1	103.25923999999999	automatically added
rt8001	MI1PP_c	rt8001:1	34.399029999999996	automatically added
rt5340	MI1PP_c	rt5340:1	40.891729999999995	automatically added
rt8085	MIPCS_g	rt8085:1	85.98915	automatically added
rt7838	MPYRCNST_c	rt7838:1	34.956700000000005	automatically added
rt0004	MTAP_c	rt0004:3	117.65988	automatically added
rt4257	MTHFD2i_c	rt4257:1	42.05126	automatically added
rt0876rt7115	MTHFR3_c	rt0876:1,rt7115:1	139.87787000000003	automatically added
rt0075	MTMOHT_m	rt0075:1	45.854870000000005	automatically added
rt5017	MTRI_c	rt5017:1	44.391970000000015	automatically added
rt5684	MUCOCI_c	rt5684:1	40.43027000000001	automatically added
rt4254	MUCOCI_e	rt4254:1	48.432610000000004	automatically added
rt3853	NACt_c_e	rt3853:1	58.06672999999999	automatically added
rt4066	NADDP_x	rt4066:1	50.04586999999999	automatically added
rt1814	NADHK1_c,NADHK1_m,NADK_c,NADK_m	rt1814:1	115.99834999999999	automatically added
TRUErt0331rt3334rt4649rt4846rt6050rt7496rt7605rtmNAD1rtmNAD2rtmNAD3rtmNAD4rtmNAD4LrtmNAD5rtmNAD6	NADHcplxI_c_m	TRUE:1,rt0331:1,rt3334:1,rt4649:1,rt4846:1,rt6050:1,rt7496:1,rt7605:1,rtmNAD1:1,rtmNAD2:1,rtmNAD3:1,rtmNAD4:1,rtmNAD4L:1,rtmNAD5:1,rtmNAD6:1	598.55035	automatically added
rt0331rt0449rt3334rt4649rt4846rt6050rt7496rt7605rtmNAD1rtmNAD2rtmNAD3rtmNAD4rtmNAD4LrtmNAD5rtmNAD6	NADHcplxI_c_m	rt0331:1,rt0449:1,rt3334:1,rt4649:1,rt4846:1,rt6050:1,rt7496:1,rt7605:1,rtmNAD1:1,rtmNAD2:1,rtmNAD3:1,rtmNAD4:1,rtmNAD4L:1,rtmNAD5:1,rtmNAD6:1	606.9417699999999	automatically added
rt0078rt0331rt3334rt4649rt4846rt6050rt7496rt7605rtmNAD1rtmNAD2rtmNAD3rtmNAD4rtmNAD4LrtmNAD5rtmNAD6	NADHcplxI_c_m	rt0078:1,rt0331:1,rt3334:1,rt4649:1,rt4846:1,rt6050:1,rt7496:1,rt7605:1,rtmNAD1:1,rtmNAD2:1,rtmNAD3:1,rtmNAD4:1,rtmNAD4L:1,rtmNAD5:1,rtmNAD6:1	609.3833999999999	automatically added
rt0331rt2173rt3334rt4649rt4846rt6050rt7496rt7605rtmNAD1rtmNAD2rtmNAD3rtmNAD4rtmNAD4LrtmNAD5rtmNAD6	NADHcplxI_c_m	rt0331:1,rt2173:1,rt3334:1,rt4649:1,rt4846:1,rt6050:1,rt7496:1,rt7605:1,rtmNAD1:1,rtmNAD2:1,rtmNAD3:1,rtmNAD4:1,rtmNAD4L:1,rtmNAD5:1,rtmNAD6:1	613.9775999999999	automatically added
rt0331rt3334rt4649rt4846rt6050rt7496rt7579rt7605rtmNAD1rtmNAD2rtmNAD3rtmNAD4rtmNAD4LrtmNAD5rtmNAD6	NADHcplxI_c_m	rt0331:1,rt3334:1,rt4649:1,rt4846:1,rt6050:1,rt7496:1,rt7579:1,rt7605:1,rtmNAD1:1,rtmNAD2:1,rtmNAD3:1,rtmNAD4:1,rtmNAD4L:1,rtmNAD5:1,rtmNAD6:1	616.5016499999999	automatically added
rt0331rt3334rt4649rt4846rt6050rt7496rt7605rt8214rtmNAD1rtmNAD2rtmNAD3rtmNAD4rtmNAD4LrtmNAD5rtmNAD6	NADHcplxI_c_m	rt0331:1,rt3334:1,rt4649:1,rt4846:1,rt6050:1,rt7496:1,rt7605:1,rt8214:1,rtmNAD1:1,rtmNAD2:1,rtmNAD3:1,rtmNAD4:1,rtmNAD4L:1,rtmNAD5:1,rtmNAD6:1	616.54174	automatically added
rt0331rt1642rt3334rt4649rt4846rt6050rt7496rt7605rtmNAD1rtmNAD2rtmNAD3rtmNAD4rtmNAD4LrtmNAD5rtmNAD6	NADHcplxI_c_m	rt0331:1,rt1642:1,rt3334:1,rt4649:1,rt4846:1,rt6050:1,rt7496:1,rt7605:1,rtmNAD1:1,rtmNAD2:1,rtmNAD3:1,rtmNAD4:1,rtmNAD4L:1,rtmNAD5:1,rtmNAD6:1	617.63961	automatically added
rt0331rt3334rt4649rt4846rt6050rt6811rt7496rt7605rtmNAD1rtmNAD2rtmNAD3rtmNAD4rtmNAD4LrtmNAD5rtmNAD6	NADHcplxI_c_m	rt0331:1,rt3334:1,rt4649:1,rt4846:1,rt6050:1,rt6811:1,rt7496:1,rt7605:1,rtmNAD1:1,rtmNAD2:1,rtmNAD3:1,rtmNAD4:1,rtmNAD4L:1,rtmNAD5:1,rtmNAD6:1	640.55827	automatically added
rt0331rt3334rt4649rt4846rt5398rt6050rt7496rt7605rtmNAD1rtmNAD2rtmNAD3rtmNAD4rtmNAD4LrtmNAD5rtmNAD6	NADHcplxI_c_m	rt0331:1,rt3334:1,rt4649:1,rt4846:1,rt5398:1,rt6050:1,rt7496:1,rt7605:1,rtmNAD1:1,rtmNAD2:1,rtmNAD3:1,rtmNAD4:1,rtmNAD4L:1,rtmNAD5:1,rtmNAD6:1	672.49681	automatically added
rt1441	NADHq9_c	rt1441:1	54.705090000000006	automatically added
rt0604	NADHq9_c	rt0604:1	66.04001999999998	automatically added
rt3107	NADN_n	rt3107:1	46.81228000000001	automatically added
rt7872	NADN_n	rt7872:1	69.47837	automatically added
rt4419	NADN_n	rt4419:1	75.67705000000001	automatically added
rt0915	NADS2_c,NADS2_n	rt0915:1	81.84058000000002	automatically added
rt2593	NADt1_m,NADt2_m,NADt3_m,NADt_c_m	rt2593:1	38.364380000000004	automatically added
rt5934	NADt_c_m	rt5934:1	36.27306	automatically added
rt1924	NAMNPP_c,NAMNPP_m	rt1924:1	51.640570000000004	automatically added
rt2444	NAtpa_c	rt2444:1	130.60208000000003	automatically added
rt1437	NDP3_g,NDP7_g	rt1437:1	47.47530999999999	automatically added
rt7311	NDPK10_c,NDPK1_c,NDPK2_c,NDPK3_c,NDPK4_c,NDPK5_c,NDPK6_c,NDPK7_c,NDPK8_c,NDPK9_c	rt7311:1	16.649900000000002	automatically added
rt0575	NDPK10_c,NDPK1_c,NDPK2_c,NDPK3_c,NDPK4_c,NDPK5_c,NDPK6_c,NDPK7_c,NDPK8_c,NDPK9_c	rt0575:1	18.467549999999996	automatically added
rt2566	NFORTYR2t_c_e	rt2566:1	58.7058	automatically added
rt0820	NFTYROX_c	rt0820:1	61.770060000000015	automatically added
rt2904	NGLYCANS10_r	rt2904:1	59.101990000000015	automatically added
rt0671	NGLYCANS11_r,NGLYCANS9_r	rt0671:1	78.51169	automatically added
rt2573	NGLYCANS12_r	rt2573:1	87.78112999999999	automatically added
rt6611	NGLYCANS13_r	rt6611:1	64.03953999999999	automatically added
rt2972	NGLYCANS14_r	rt2972:1	57.80023	automatically added
rt3790	NGLYCANS15_r	rt3790:1	89.41061000000002	automatically added
rt1613	NGLYCANS16_r	rt1613:1	91.22083999999998	automatically added
rt1802	NGLYCANS17_r,NGLYCANS18_r	rt1802:1	169.42869	automatically added
rt8131	NGLYCANS19_g	rt8131:1	111.6017	automatically added
rt2834	NGLYCANS1_c	rt2834:1	57.30055	automatically added
rt4980	NGLYCANS2_c	rt4980:2	42.101079999999996	automatically added
rt1727	NGLYCANS4_c,NGLYCANS5_c	rt1727:1	65.67182000000001	automatically added
rt1577	NGLYCANS6_c,NGLYCANS7_c	rt1577:1	62.56477	automatically added
rt5214	NGLYCANS8_r	rt5214:1	57.06948000000001	automatically added
rt4558	NH4t_c_e	rt4558:1	54.57556999999999	automatically added
rt4676	NITROPP_c,PGLYCP_c	rt4676:1	33.00897	automatically added
rt3422	NITROPP_c,PGLYCP_c	rt3422:1	36.81827	automatically added
rt6640	NITRx_c	rt6640:2	208.15866000000003	automatically added
rt4334	NITRx_c	rt4334:2	242.26704	automatically added
rt3293	NNAM_c	rt3293:1	35.957190000000004	automatically added
rt1963	NNDPR_c,NNDPR_m	rt1963:1	34.098519999999986	automatically added
rt5672	NNMT_c	rt5672:1	29.489200000000007	automatically added
rt8212	NNMT_c	rt8212:1	32.59808	automatically added
rt4917	NNMT_c	rt4917:1	33.417719999999996	automatically added
rt4068	NO3t_c_e	rt4068:1	54.35548999999999	automatically added
rt4914	NOX_c	rt4914:1	65.16151	automatically added
rt1627	NTD2pp_c,NTD4pp_c	rt1627:1	31.46804	automatically added
rt7922	NTP3_c	rt7922:1	94.49457000000001	automatically added
rt5972	NTP3_c	rt5972:1	134.70729	automatically added
rt7226	OAADC_c	rt7226:1	26.101039999999998	automatically added
rt0643	OAAtps_m	rt0643:1	38.26743	automatically added
rt2815	OAR1_c,OAR2_c	rt2815:1	58.54249999999998	automatically added
rt0607	OAR3_m	rt0607:1	59.20757000000001	automatically added
rt4934	OCBT_c	rt4934:1	42.013299999999994	automatically added
rt7295	OGLYCANS2_g,OGLYCANS3_g	rt7295:1	48.238260000000004	automatically added
rt1384	OGLYCANS2_g,OGLYCANS3_g	rt1384:1	54.11896	automatically added
rt4112	OGLYCANS4_g,OGLYCANS5_g	rt4112:1	50.75984999999999	automatically added
rt3226	OGLYCANS4_g,OGLYCANS5_g	rt3226:1	54.30662	automatically added
rt2574	OGLYCANS_B3GAT1_r	rt2574:1	36.31819999999999	automatically added
rt3750	OMPDC_c	rt3750:1	30.695330000000006	automatically added
rt1168	OPAH_c	rt1168:1	63.23505	automatically added
rt7643	OPAH_c	rt7643:1	65.46235	automatically added
rt6960	OPAH_c	rt6960:1	83.32797	automatically added
rt1169	OPAH_c	rt1169:1	83.92891999999998	automatically added
rt6574	ORNCD_m	rt6574:1	34.84527	automatically added
rt4267	ORNDC_c	rt4267:1	57.99261999999999	automatically added
rt7840	ORNTACi_m	rt7840:2	105.02860000000001	automatically added
rt6698	ORNTA_c	rt6698:1	52.667500000000004	automatically added
rt4951	ORNtpa_m	rt4951:1	37.291340000000005	automatically added
rt2348	ORPT_c	rt2348:2	49.10109999999998	automatically added
rt6217	PACCOAE_c	rt6217:1	13.572340000000002	automatically added
rt5558	PACCOAE_x	rt5558:1	19.857349999999993	automatically added
rt3915	PAFH_c	rt3915:1	54.74209	automatically added
rt0344rt0641	PAIL3K_vm	rt0344:1,rt0641:1	287.64499	automatically added
rt0641rt3682	PAIL3K_vm	rt0641:1,rt3682:1	454.25459	automatically added
rt6791	PAIL4K_en	rt6791:1	212.90339	automatically added
rt6718	PAIL4K_en,PAIL4K_vm	rt6718:1	87.89683000000002	automatically added
rt1414rt4220	PAIL4K_gm	rt1414:1,rt4220:1	159.15474	automatically added
rt1414	PAIL4K_n	rt1414:1	136.99110000000002	automatically added
rt6753	PAILS_rm	rt6753:1	28.137619999999995	automatically added
rt3373rt7651	PAPSR_c	rt3373:1,rt7651:1	48.90518	automatically added
rt3373rt6971	PAPSR_c	rt3373:1,rt6971:1	52.65151	automatically added
rt4117	PAP_rm	rt4117:1	124.87528999999999	automatically added
rt2107	PBAL_c	rt2107:1	37.286	automatically added
rt4548	PCLAD_c	rt4548:1	43.573629999999994	automatically added
rt7325	PC_c	rt7325:1	38.17897000000001	automatically added
rt8262	PC_c	rt8262:1	131.52165000000002	automatically added
rt8109	PDAGATpc_rm,PDAGATpe_rm	rt8109:1	67.59239	automatically added
rt5322	PDE1_c,PDE2_c	rt5322:1	76.11729	automatically added
rt3419	PDE1_c,PDE2_c,PDE3_c,PDE4_c,PDE5_c	rt3419:1	104.13429	automatically added
rt1672rt5262rt5354rt5580rt5758	PDH_m	rt1672:1,rt5262:1,rt5354:1,rt5580:1,rt5758:1	217.00477999999998	automatically added
rt4380	PDMEMT_rm,PEMT_rm,PMEMT_rm	rt4380:1	24.58681	automatically added
rt2312	PDX5POi_c,PYAM5PO_c,PYDXNO_c,PYDXO_c	rt2312:1	29.741349999999997	automatically added
rt2279	PEMT_rm	rt2279:1	115.20364	automatically added
rt0491	PFK_c	rt0491:1	56.73943999999999	automatically added
rt0495	PFK_c	rt0495:1	58.47752	automatically added
rt0499	PFK_c	rt0499:4	377.9939599999999	automatically added
rt1147	PGCD_c	rt1147:1	41.99164999999999	automatically added
rt0717	PGCD_c	rt0717:1	52.20908999999999	automatically added
rt3683	PGCD_c,PSP_L_c	rt3683:1	41.99355999999999	automatically added
rt4502	PGCPH_c	rt4502:1	48.84311	automatically added
rt1221	PGI_c	rt1221:1	62.09406	automatically added
rt7353	PGK_c	rt7353:1	45.34203999999999	automatically added
rt6131	PGL_c	rt6131:1	30.03542	automatically added
rt1591	PGMT_c,PPM_c	rt1591:1	61.24962999999999	automatically added
rt7057	PGM_c	rt7057:1	28.020059999999997	automatically added
rt2532	PGPP_mm	rt2532:1	39.97927	automatically added
rt4228	PGPS_mm	rt4228:1	70.11829999999999	automatically added
rt5040	PGS_x	rt5040:1	60.734370000000006	automatically added
rt4099	PHACRDC1_c,PHACRDC2_c,PHACRDC3_c,PHACRDC4_c	rt4099:1	19.79077	automatically added
rt4454	PHEN2MOXy_c	rt4454:1	78.40616999999999	automatically added
rt4453	PHEN2MOXy_c	rt4453:1	79.60755999999999	automatically added
rt4555	PHEN2MOXy_c	rt4555:1	83.40305	automatically added
rt7697	PHETA1_c,TYRTA_c,UNK3_c	rt7697:1	49.23747	automatically added
rt4102rt4881	PHETRS_c	rt4102:1,rt4881:4	369.5297300000001	automatically added
rt5030	PHETRS_m	rt5030:1	55.279509999999995	automatically added
rt0217	PHYTOED1_c,PHYTOED2_c,PHYTOED3_c,PHYTOED4_c,PHYTOED5_c	rt0217:1	62.316340000000004	automatically added
rt2239	PHYTOES_c	rt2239:1	38.74124	automatically added
rt7001	PI35P5P_c,PI35P5P_en,PI3PP_c,PI3PP_en,PI45P5P_c,PI45P5P_en,PI4PP_c,PI4PP_en	rt7001:1	62.51228	automatically added
rt7049	PI35P5P_c,PI35P5P_en,PI3PP_c,PI3PP_en,PI45P5P_c,PI45P5P_en,PI4PP_c,PI4PP_en	rt7049:1	68.75180999999999	automatically added
rt5535rt8251	PI35P5P_vm	rt5535:1,rt8251:1	226.51828	automatically added
rt5771	PI3P5K_vm	rt5771:1	270.33583999999996	automatically added
rt6512	PI3PP_c	rt6512:1	89.45072	automatically added
rt3013	PI3PP_gm,PI3PP_rm,PI4PP_gm,PI4PP_rm	rt3013:1	74.78708999999999	automatically added
rt7177	PI45P5P_c,PI45P5P_en	rt7177:1	46.77044000000001	automatically added
rt6972	PI45P5P_c,PI45P5P_en	rt6972:1	127.41561	automatically added
rt3510	PI4P5K_en,PI4P5K_n	rt3510:1	61.198159999999994	automatically added
rt3050	PIt_c_v,PIt_c_vm	rt3050:1	114.33574999999998	automatically added
rt3166	PIt_c_v,PIt_c_vm	rt3166:1	114.33574999999998	automatically added
rt1948	PItps_e	rt1948:1	61.762460000000004	automatically added
rt3318	PItps_e	rt3318:1	63.02947	automatically added
rt7506	PItps_m	rt7506:1	32.99972	automatically added
rt0521	PItps_m	rt0521:1	40.57001	automatically added
rt5014	PKETX_c	rt5014:1	96.79104000000002	automatically added
rt4017	PLAA1lpc_en,PLAA1lpe_en,PLAA2pc_en,PLAA2pe_en	rt4017:1	69.16963	automatically added
rt5790	PLAA1lpc_mm,PLAA1lpe_mm	rt5790:1	41.95856	automatically added
rt5941	PLAA1lpc_rm,PLAA2pc_rm	rt5941:1	176.55115	automatically added
rt4445	PLAA2pc_mm,PLAA2pe_mm	rt4445:1	89.36804999999998	automatically added
rt7489	PLACipc_m,PLACipc_r,PLACmip2c_m,PLACmip2c_r,PLACmipc_m,PLACmipc_r	rt7489:1	51.22409999999999	automatically added
rt4487	PLACpail45p_c,PLACpail45p_n	rt4487:1	64.49495	automatically added
rt3387	PLACpail_c	rt3387:1	38.28191	automatically added
rt3355	PLACpg_mm	rt3355:1	37.859449999999995	automatically added
rt8446	PLADpc_en	rt8446:1	97.32486999999999	automatically added
rt5655	PLADpc_en	rt5655:1	229.68462999999997	automatically added
rt0873	PMANM_c	rt0873:2	59.552679999999995	automatically added
rt0334	PMEVK_c	rt0334:1	53.311679999999996	automatically added
rt0004rt4016rt7908	PNP_c	rt0004:3,rt4016:1,rt7908:1	203.96389	automatically added
rt0004rt5402rt7908	PNP_c	rt0004:3,rt5402:1,rt7908:1	211.76294	automatically added
rt5817	PNTK_c	rt5817:1	63.46927	automatically added
rt3985	PNTOtps_e	rt3985:1	56.77795999999999	automatically added
rt7571	POLYAO1_c,POLYAO2_c,POLYAO3_c	rt7571:1	52.0703	automatically added
rt7511	PPA_c	rt7511:1	32.43392	automatically added
rt6350	PPBNGD_c	rt6350:1	60.68333	automatically added
rt5026	PPBNGS_1_c	rt5026:8	308.3983999999999	automatically added
rt0168	PPCDC_c	rt0168:1	25.663139999999995	automatically added
rt2473	PPCK_c	rt2473:1	73.45859	automatically added
rt8139	PPGPPDP_c	rt8139:1	23.50516	automatically added
rt5343	PPM_c	rt5343:1	68.99752000000002	automatically added
rt0510	PPNCL2_c	rt0510:1	42.954280000000004	automatically added
rt7857	PPND2_c	rt7857:1	51.65024999999999	automatically added
rt3499	PPPGO_m	rt3499:1	65.80306999999999	automatically added
rt0532	PPTT_m	rt0532:1	55.37802	automatically added
rt5891	PRAGSi_c,PRAIS_c	rt5891:1	85.11175	automatically added
rt0852	PRASCSi_c	rt0852:1	35.92847	automatically added
rt6665	PRFGS_c	rt6665:1	148.68898	automatically added
rt3242	PRMICI_c,RAFH_e	rt3242:1	28.450630000000004	automatically added
rt6234	PROD2_m	rt6234:1	64.7944	automatically added
rt3118	PROTRS_c	rt3118:1	78.86249000000001	automatically added
rt2777rt8224	PRPPS_c	rt2777:1,rt8224:1	77.47111999999998	automatically added
rt2529	PSD_gm,PSD_mm,PSD_vm	rt2529:1	51.194720000000004	automatically added
rt0683	PSD_gm,PSD_vm	rt0683:1	42.07139	automatically added
rt3078	PSD_gm,PSD_vm	rt3078:1	137.96751999999995	automatically added
rt2136	PSD_mm	rt2136:1	39.799519999999994	automatically added
rt6186	PSD_mm	rt6186:2	125.2752	automatically added
rt7036	PSERT_c	rt7036:1	44.28748000000001	automatically added
rt3557	PSPHPL_r,SPHPL_r	rt3557:1	61.11475000000001	automatically added
rt3215	PSSA_rm	rt3215:1	32.46425	automatically added
rt6481	PTPAT_c	rt6481:1	39.621100000000006	automatically added
rt7678	PTRCAT1_c	rt7678:1	20.199650000000002	automatically added
rt2739	PTRCtpa_e,PTRCtpa_v,SPMDtpa_e,SPMDtpa_v,SPRMtpa_e,SPRMtpa_v	rt2739:1	56.038259999999994	automatically added
rt1939	PTRCtpa_e,PTRCtpa_v,SPMDtpa_e,SPMDtpa_v,SPRMtpa_e,SPRMtpa_v	rt1939:1	59.49653000000001	automatically added
rt1987	PTRCtpa_e,PTRCtpa_v,SPMDtpa_e,SPMDtpa_v,SPRMtpa_e,SPRMtpa_v	rt1987:1	60.492619999999995	automatically added
rt2649	PTRCtpa_e,PTRCtpa_v,SPMDtpa_e,SPMDtpa_v,SPRMtpa_e,SPRMtpa_v	rt2649:1	61.213979999999985	automatically added
rt7908	PUNP3_c,PUNP3_m,PUNP5_c	rt7908:1	45.001839999999994	automatically added
rt6177	PYDAMK_c,PYDXK_c,PYDXNK_c	rt6177:1	38.916039999999995	automatically added
rt2768rt2769	PYDX5PS_c	rt2768:1,rt2769:1	59.46866	automatically added
rt6001	PYDXNOR_c	rt6001:1	37.13168999999999	automatically added
rt3182	PYDXNOR_c	rt3182:1	46.975970000000004	automatically added
rt4634	PYK_c	rt4634:4	234.16891999999999	automatically added
rt7405rt8213	PYRtps_m	rt7405:1,rt8213:1	27.944859999999995	automatically added
rt1845	Q9MT1_m	rt1845:1	27.441719999999997	automatically added
rt1845rt3097rt7669rt7829rt8484	Q9OR_m	rt1845:1,rt3097:1,rt7669:1,rt7829:1,rt8484:1	194.81009000000003	automatically added
rt5341	QUINDH_c	rt5341:1	35.67777	automatically added
rt3125	QUINt_c_e	rt3125:1	58.84844000000002	automatically added
rt5363	QUINt_c_e	rt5363:1	60.51311000000001	automatically added
rt5359	QUINt_c_e	rt5359:1	60.72735	automatically added
rt5058	RADHx_m	rt5058:1	58.30594	automatically added
rt0930	RBFK_c,RBFK_m	rt0930:1	26.92558	automatically added
rt0910	RBFSa_c	rt0910:1	22.620160000000002	automatically added
rt4127	RBFSb_c	rt4127:1	26.40058	automatically added
rt6000	RBK_D_c	rt6000:1	66.16131	automatically added
rt5407	RDH_c	rt5407:1	41.589119999999994	automatically added
rt1893	RHMND2_c	rt1893:1	46.636210000000005	automatically added
rt0434rt4960	RLFC2O_c	rt0434:1,rt4960:1	76.52887999999999	automatically added
rt0434rt4871	RLFC2O_m	rt0434:1,rt4871:1	70.79930999999999	automatically added
rt0434rt8275	RLFC2O_m	rt0434:1,rt8275:1	76.09272	automatically added
rt2922rt5869rt6971	RNDR1_c,RNDR1_n,RNDR2_c,RNDR2_n,RNDR3_c,RNDR3_n,RNDR4_c,RNDR4_n	rt2922:1,rt5869:1,rt6971:1	169.32162	automatically added
rt6206	RNMK_c	rt6206:1	29.83906	automatically added
rt7896	RPE_c	rt7896:1	25.369860000000003	automatically added
rt3505	RPE_c	rt3505:1	34.591649999999994	automatically added
rt4920	RPI_c	rt4920:1	36.56497	automatically added
rt8465	SACCD1_c,SACCD2_c,SPMS_c	rt8465:1	82.62306000000001	automatically added
rt5719	SACCD2_c	rt5719:1	44.202529999999996	automatically added
rt5075	SADT_c	rt5075:2	129.1384	automatically added
rt5285	SALCMOX_x	rt5285:1	47.04844000000001	automatically added
rt1970	SALCMOX_x	rt1970:1	48.38949	automatically added
rt2557	SALCMOX_x	rt2557:1	48.76244999999999	automatically added
rt3875	SALCMOX_x	rt3875:1	49.745470000000005	automatically added
rt5815	SALCMOX_x	rt5815:1	52.807900000000004	automatically added
rt7337	SALCMOX_x	rt7337:1	53.39039999999999	automatically added
rt5198	SALCMOX_x	rt5198:1	59.01156999999999	automatically added
rt7373	SALCMOX_x	rt7373:1	72.93851	automatically added
rt4692	SAM24MT_c	rt4692:1	40.37053999999999	automatically added
rt5044	SBPP1_r,SBPP2_r	rt5044:1	49.69749999999999	automatically added
rt4269	SBP_c	rt4269:1	25.676849999999998	automatically added
rt4606	SBTD_D2_c,SBTD_L_c	rt4606:4	132.18624000000003	automatically added
rt8084	SBTD_D2_c,XYLTOR_c	rt8084:1	42.14346	automatically added
rt3986	SDPDS_c	rt3986:1	48.6342	automatically added
rt6880	SERAT_c	rt6880:1	54.64538000000002	automatically added
rt0848	SERD_L_c,THRD_L_m	rt0848:1	35.53875	automatically added
rt1057rt1935	SERPT_r	rt1057:1,rt1935:1	149.41182	automatically added
rt1878	SERTRS_c	rt1878:1	54.43103	automatically added
rt7910	SERt_c_m	rt7910:1	37.93132	automatically added
rt2976	SERtps_e	rt2976:1	55.95573000000001	automatically added
rt1276	SFGTHi_c	rt1276:1	32.957589999999996	automatically added
rt5201	SHCHD2_c,SHCHF_c	rt5201:1	36.39283	automatically added
rt2023	SLCBK1_r,SPHGLpK_r	rt2023:1	62.061550000000004	automatically added
rt0376rt2006rt2682rt5201	SO3R_c	rt0376:1,rt2006:1,rt2682:1,rt5201:1	417.84759999999994	automatically added
rt4278	SO3t_c_e	rt4278:1	51.728109999999994	automatically added
rt5751	SO4t_c_e	rt5751:1	83.83315999999999	automatically added
rt7368	SO4t_c_e	rt7368:1	93.44362000000001	automatically added
rt8393	SPHINGSt_c_e	rt8393:1	169.11960000000005	automatically added
rt7439	SPMDtpa_e,UREAtps_e	rt7439:1	71.62668000000001	automatically added
rt1145	SPRMAT_c	rt1145:1	39.11709	automatically added
rt4913	SPRMS_c	rt4913:1	68.05411	automatically added
rt6406	SPRMtpa_e,SPRMtpa_v	rt6406:1	61.527840000000005	automatically added
rt3281	SPRMtpa_e,SPRMtpa_v	rt3281:1	64.25773	automatically added
rt5361	SQLEx_r,SQLEy_r	rt5361:1	59.408840000000005	automatically added
rt8223	SQLS_c	rt8223:1	48.17349000000001	automatically added
rt8468	SSALy_c	rt8468:1	51.99119	automatically added
rt0324	SSALy_c	rt0324:1	53.19297000000001	automatically added
rt3431	STATg_rm,ZYMSTATer_RT_rm	rt3431:1	76.04757999999998	automatically added
rt5879	STEHz161_en,STEHz181_en	rt5879:1	87.95708	automatically added
rt6249	STEHz161_rm,STEHz181_rm	rt6249:1	69.67206	automatically added
rt3261rt3434rt3609rt7913	SUCDq9_m	rt3261:1,rt3434:1,rt3609:1,rt7913:1	149.48542999999998	automatically added
rt4237	SUCFUMt_c_m	rt4237:1	34.98718	automatically added
rt6458	SUCR_e	rt6458:1	70.47314999999999	automatically added
rt8390	SULFOX2_c	rt8390:1	47.47526	automatically added
rt1805	TALA_c	rt1805:1	37.07674000000001	automatically added
rt1858	TAUDO_c	rt1858:1	42.07537	automatically added
rt0250	TAUDO_c	rt0250:1	43.29568999999999	automatically added
rt0777	TCHOLAtabc_v	rt0777:1	145.44993	automatically added
rt2898	TCHOLAtabc_v	rt2898:1	173.47135	automatically added
rt6095	TCHOLAtabc_v	rt6095:1	191.76176000000004	automatically added
rt6476	TCHOLAtabc_v	rt6476:1	241.18618000000004	automatically added
rt3425	TDPDRR_c	rt3425:1	33.85453	automatically added
rt6435	THFGLUS_c	rt6435:1	59.23535999999999	automatically added
rt0553	THIORDXi_m	rt0553:1	11.926819999999998	automatically added
rt6669rt7651	THIORDXi_n	rt6669:1,rt7651:1	44.74435999999999	automatically added
rt6669rt6971	THIORDXi_n	rt6669:1,rt6971:1	48.490689999999994	automatically added
rt4894rt7651	THIORDXi_x	rt4894:2,rt7651:1	51.25045	automatically added
rt4894rt6971	THIORDXi_x	rt4894:2,rt6971:1	54.99678	automatically added
rt0854	THRA2_c,THRA_c	rt0854:1	47.564479999999996	automatically added
rt7814	THRA_c	rt7814:1	40.45654999999999	automatically added
rt3541	THRD_L_m	rt3541:4	274.14856	automatically added
rt7480	THRTRS_c	rt7480:1	89.70383000000001	automatically added
rt7263	TKT1_c,TKT2_c	rt7263:1	75.46160999999998	automatically added
rt8116	TMDPK_c,TMDPPK_c	rt8116:1	31.059130000000003	automatically added
rt2477	TMDS_c	rt2477:1	36.959520000000005	automatically added
rt0812	TMLYSOX_m	rt0812:1	54.58497	automatically added
rt0932	TPI_c	rt0932:2	56.970060000000004	automatically added
rt1320	TRDR_c	rt1320:2	88.26686000000001	automatically added
rt0553rt7114	TRDR_m	rt0553:1,rt7114:1	65.95428	automatically added
rt3021rt3666	TRE6PP_c,TRE6PS_c	rt3021:1,rt3666:1	147.26466000000002	automatically added
rt0212	TREH_v	rt0212:1	75.99614000000001	automatically added
rt0008	TREH_v	rt0008:1	102.74880999999998	automatically added
rt0537	TROPNDH_c	rt0537:1	32.58601999999999	automatically added
rt1736	TRPDC_c	rt1736:1	62.26396	automatically added
rt7555	TRPO2_c	rt7555:1	63.10353	automatically added
rt0894	TRPS1_c	rt0894:1	76.55451000000001	automatically added
rt6341	TRPTRS_c	rt6341:1	46.251979999999996	automatically added
rt7165	TRPTRS_m	rt7165:1	45.82451	automatically added
rt5309	TYRCBOX_x	rt5309:1	61.44414000000001	automatically added
rt8273	TYRTRS_c	rt8273:1	47.83596	automatically added
rt4769	TYRTRS_m	rt4769:1	53.78450999999999	automatically added
rt0711	UAGDP_c	rt0711:1	54.00912000000001	automatically added
rt0601	UDPG4E_c	rt0601:2	83.47515999999997	automatically added
rt7574	UDPGALt_c_g	rt7574:1	43.35556999999999	automatically added
rt7050	UDPGLDC_c	rt7050:1	50.14182000000001	automatically added
rt4822	UMPK_c,UMPK_n,URIDK2_n,URIDK2i_c	rt4822:1	27.11954	automatically added
rt2682	UPP3MT_2_c	rt2682:1	73.19385000000001	automatically added
rt2147	UPP3S_c	rt2147:1	34.488299999999995	automatically added
rt5811	UPPDC1_c	rt5811:2	91.41911999999999	automatically added
rt6727	UPPRT_c	rt6727:1	23.1114	automatically added
rt5873	UPPRT_c	rt5873:1	25.14462	automatically added
rt4541	URAtps_e	rt4541:1	58.13787000000001	automatically added
rt2839	UREA_c	rt2839:1	92.11001999999999	automatically added
rt4016	URIH_c	rt4016:1	41.302170000000004	automatically added
rt5402	URIH_c	rt5402:1	49.10122	automatically added
rt1991	URItps_e	rt1991:1	60.76390000000001	automatically added
rt2202	URO_c	rt2202:1	34.47477999999999	automatically added
rt8160	VALTRS_c,VALTRS_m	rt8160:1	127.80011000000002	automatically added
rt7726	VANLLOX_x	rt7726:1	67.37491	automatically added
rt1406	XYLRy_c	rt1406:1	36.35586000000001	automatically added
rt4609	XYLTOR_c	rt4609:4	165.5838	automatically added
RT12976	XYLt_c_e	RT12976:1	58.48091	automatically added
RT11990	XYLt_c_e	RT11990:1	60.03755	automatically added
rt7720	YUMPS_c	rt7720:1	44.363110000000006	automatically added
rt8055	YUMPS_c	rt8055:1	64.35916	automatically added
rt6068	YUMPS_c	rt6068:1	74.79632000000002	automatically added
rt3595	ZEAEPOX1_c,ZEAEPOX2_c	rt3595:1	44.93423999999999	automatically added
rt3591	ZEAEPOX1_c,ZEAEPOX2_c	rt3591:1	52.40551999999998	automatically added
rt0235	ZEAEPOX1_c,ZEAEPOX2_c	rt0235:1	52.87432	automatically added
