rxn_name,category
LIPOCT_m,0
ZYMSTATer_RT_rm,0
THFAT_m,0
FMNRx_c,0
FMNRx2_c,0
ADPh_c,0
ADPh_m,0
tpscu2_c_m,0
GENERIC_na1CATION1_c,0
GENERIC_na1CATION1_e,0
GENERIC_kCATION1_m,0
GENERIC_kCATION1_e,0
GENERIC_kCATION1_c,0
GENERIC_hCATION1_en,0
GENERIC_hCATION1_vm,0
GENERIC_hCATION1_gm,0
GENERIC_hCATION1_mm,0
GENERIC_hCATION1_rm,0
GENERIC_hCATION1_v,0
GENERIC_hCATION1_x,0
GENERIC_hCATION1_n,0
GENERIC_hCATION1_m,0
GENERIC_hCATION1_l,0
GENERIC_hCATION1_g,0
GENERIC_hCATION1_c,0
GENERIC_hCATION1_r,0
GENERIC_hCATION1_e,0
GENERIC_ca2metal2_c,0
GENERIC_ca2metal2_e,0
GENERIC_cobalt2metal2_c,0
GENERIC_cobalt2metal2_e,0
GENERIC_cu2metal2_e,0
GENERIC_cu2metal2_c,0
GENERIC_fe2metal2_c,0
GENERIC_fe2metal2_e,0
GENERIC_fe2metal2_m,0
GENERIC_mg2metal2_c,0
GENERIC_mg2metal2_e,0
GENERIC_mn2metal2_e,0
GENERIC_mn2metal2_c,0
GENERIC_ni2metal2_c,0
GENERIC_ni2metal2_e,0
GENERIC_zn2metal2_e,0
GENERIC_zn2metal2_c,0
GENERIC_fe2feCATION_c,0
GENERIC_fe2feCATION_e,0
GENERIC_fe2feCATION_m,0
GENERIC_fe3feCATION_c,0
GENERIC_fe3feCATION_e,0
GENERIC_mg2mg2ormn2_c,0
GENERIC_mg2mg2ormn2_e,0
GENERIC_mn2mg2ormn2_c,0
GENERIC_mn2mg2ormn2_e,0
GENERIC_hemeAheme_c,0
GENERIC_hemeAheme_m,0
GENERIC_hemeOheme_m,0
GENERIC_phemeheme_m,0
GENERIC_shemeheme_c,0
RLFC2O_c,0
RLFC2O_m,0
BTDDH_c,0
LLFC2O_c,0
13GS_c,0
16GS_c,0
PRMICI_c,0
P5CD2_m,0
DHPPDA2_c,0
DRAPPRy_c,0
ACHBS_m,0
HPPK2_m,0
AATA_c,0
DPR_c,0
DDPA_m,0
IPPMIb_c,0
UNK3_c,0
HCITR_m,0
MCITS_m,0
OMCDC_c,0
OMCDC_m,0
BPNT_c,0
PDE1_c,0
PDE2_c,0
PDE3_c,0
PDE4_c,0
PDE5_c,0
DB4PS_c,0
DHQTi_c,0
DHQS_c,0
3DSPHR_r,0
DDPA_c,0
HKYNH_c,0
HACD140i_x,0
3HAO_c,0
3IPM3MT_c,0
IPPMIa_c,0
IPMD_c,0
3MOBDC_c,0
MTMOHT_m,0
3MOPDC_c,0
PSCIT_c,0
ADCS_c,0
ADCL_c,0
ABTA_c,0
4HTHRS_c,0
4DPMIPPH_c,0
IPPYP1_c,0
MTAP_c,0
NTD4pp_c,0
NTD2pp_c,0
PRFGS_c,0
MTHFR3_c,0
ALAS_m,0
PMI12346PS_c,0
FTHFCL_c,0
MHPGLUT_c,0
MDRPD_c,0
MTRI_c,0
IPPYP2_c,0
IPPYP3_c,0
6DPMIPPH_c,0
IPPYP4_c,0
ACALDCD_c,0
KARA1i_m,0
ACLS_m,0
ACOATA_m,0
ACACT180i_x,0
ACACT260i_x,0
ACACT160i_x,0
ACACT40ir_c,0
ACACT140i_x,0
ACACT100i_x,0
ACACT120i_x,0
ACS_n,0
ACGK_m,0
ACP1_e,0
ACONT2_m,0
ACOTAi_m,0
ACOAO100_x,0
ACOAO120_x,0
ACOAO260_x,0
ACOAO160_x,0
ACOAO180_x,0
ACOAO140_x,0
ADD_c,0
ADPT_c,0
ADA_c,0
ADNK1_c,0
AMPDA_c,0
AHCi_c,0
ADMDC_c,0
AMAOTr_c,0
ADNCYC_c,0
ADK1_c,0
ADK1_m,0
ADK3_m,0
ADSL2i_c,0
ADSL1r_c,0
ADSS_c,0
ADSK_c,0
AGTi_c,0
ALATRS_c,0
ALCD2i1_c,0
ALCD19y_c,0
ALCD2i2_m,0
ALCD22xi_c,0
ALCD22xi_m,0
ALCD22yi_c,0
ALCD25xi_c,0
ALCD25xi_m,0
ALCD25yi_c,0
ALDD20x_m,0
ALDD20y_m,0
ALCD24xi_c,0
ALCD24xi_m,0
ALCD24yi_c,0
ALCD23xi_c,0
ALCD23xi_m,0
ALCD23yi_c,0
ALCD26xi_c,0
ALCD26xi_m,0
AKP1_c,0
ATAH_c,0
ALLTN_c,0
ALPHNH_c,0
12AMANTF_g,0
TREH_v,0
TRE6PS_c,0
AMID_c,0
AACTOOR_c,0
ABUTD_m,0
ANPRT_c,0
ANS_c,0
AP4AH_c,0
ARGN_c,0
ARGSL_c,0
ARGSS_c,0
ARGTRS_c,0
ASNS1_c,0
ASNTRS_c,0
ASNTRS_m,0
ASPCT_c,0
ASPK_c,0
ASPTA_c,0
ASPTA_x,0
ASAD_c,0
ASPTRS_c,0
ATPATF1_c,0
ATPPRT_c,0
ATPASEP2e_c,0
14BMANTF_c,0
BTS1_c,0
BACCL_c,0
C14STR_c,0
C22STDSy_c,0
C3STDH2_c,0
C3STDH1_c,0
C4STMO1_c,0
C4STMO2_c,0
C4STMO3_c,0
C4STMO4_c,0
C5STDS_c,0
C8STI_c,0
C24STR_r,0
CBPS_c,0
CRNOAT_c,0
CRNOAT_x,0
CAT_c,0
CAT_x,0
CERH124A_r,0
CERH124B_r,0
CERH126A_r,0
CERH126B_r,0
CERH2A24_r,0
CERH2A26_r,0
CERH324_r,0
CERH326_r,0
CHTNDA_c,0
CHTNS_c,0
CHOLK_c,0
CHLPCTD_c,0
CHORM_c,0
CHORS_c,0
FRTT_l,0
GGTT_l,0
PPTT_l,0
PRENT6_l,0
PRENT7_l,0
PRENT8_l,0
PRENT9_l,0
PRENT10_l,0
PRENT11_l,0
PRENT12_l,0
PRENT13_l,0
PRENT14_l,0
PRENT15_l,0
PRENT16_l,0
PRENT17_l,0
PRENT18_l,0
PRENT19_l,0
PRENT20_l,0
PRENT21_l,0
CS_m,0
CS_x,0
CPPPGO_c,0
CTPS2_c,0
CTPS1_c,0
CBL_c,0
CYSTS_c,0
CYSTGL_c,0
METB1_c,0
CYSS_c,0
CYSTRS_c,0
CYTD_c,0
CYTDK2_c,0
LNS14DMy_c,0
CSND_c,0
ARAB14LO_c,0
ARAB1Dx_c,0
FBA2_c,0
SBTD_D2_c,0
DCMPDA_c,0
DCTPD_c,0
DADA_c,0
DCYTD_c,0
DGK1_c,0
DXHPSq9_c,0
DRBK_c,0
DHFRi_c,0
DHFRi_m,0
DHFS_1_c,0
DHNPA2i_m,0
DNMPPA_c,0
DHORTS_c,0
DHPTS_m,0
FOLD3_m,0
DHAD1_m,0
DHAD2_m,0
DHAK_c,0
DMATT_c,0
DPGM_c,0
PMI1346PS_c,0
DIPS_c,0
DOLK_c,0
DOLPMT_c,0
DOLPMMT_r,0
DTMPK_c,0
DUTPDP_c,0
EPGALURS_e,0
ENO_c,0
ETHAK_c,0
ACHLE3_c,0
13BGH_e,0
FRTT_c,0
FACOAL100_x,0
FACOAL120_x,0
FACOAL160_x,0
FACOAL80_x,0
FACOAL140_x,0
FECPOR_m,0
AFAT_c,0
FALDH_c,0
FDH_c,0
FTHFL_m,0
FBP2_c,0
FBP_c,0
FBA_c,0
FUM_m,0
FUM_c,0
DHORDfum_c,0
FRD_c,0
GTMLT_c,0
GALKi_c,0
GALT_c,0
GLUCYS_c,0
GGTT_c,0
GRTT_c,0
GLCGSD_c,0
GLCGSD_v,0
G6PDA_c,0
G6PDH2i_c,0
PGI_c,0
GLU5K_c,0
GLUDC_c,0
GLUDxi_c,0
GLUDy_c,0
GLUSx_c,0
G5SDy_c,0
GLUN_c,0
GLNS_c,0
GF6PTA_c,0
GLNTRS_c,0
GLUTRS_c,0
GLUTRS_m,0
GTHO_c,0
GTHO_m,0
GTHP_c,0
GTHP_m,0
GTHS_c,0
GAPD_c,0
GLYK_c,0
G3PDf_m,0
G3PD1r_c,0
G3PD1i_m,0
GARFT_c,0
GLYAT_c,0
GLYCL_m,0
GHMT2r_c,0
GLYGS_c,0
GLCP_c,0
GLYTRS_c,0
GMPS2_c,0
GTPCI_c,0
GTPCII2_c,0
GUAD_1_c,0
GK1_c,0
GK2_c,0
HOMOX_m,0
HEMEOS_m,0
HEX7_c,0
HEX1_c,0
HEX4_c,0
HISTD_c,0
HISTP_c,0
HSTPT_c,0
HISTRS_c,0
HISTRS_m,0
ARMT_c,0
HACNH_m,0
HCYSMT_c,0
HICITD_m,0
HSDy_c,0
HSK_c,0
HSERTA_c,0
THIORDXi_x,0
GLYOX_c,0
HETZK_c,0
PPBNGD_c,0
HMGCOAR_c,0
HMGCOAS_c,0
HMGCOAS_m,0
HMPK1_c,0
IG3PS_c,0
IGPDH_c,0
IGPS_c,0
INDPYRD_c,0
PPA_c,0
IPK2_n,0
IPK3_n,0
IPK4_n,0
IPK5_n,0
ACHLE1_c,0
ACHLE2_c,0
ICDHx_m,0
ICL_1_c,0
ILETA_c,0
ILETA_m,0
ILETRS_c,0
ILETRS_m,0
IPDDI_c,0
ITCOAL_m,0
KARA2i_m,0
KYN_c,0
KYN3OX_c,0
PHCD_m,0
4HGLSD_m,0
THRA2_c,0
ATHRDHr_c,0
AASADy_c,0
EGHLAT_c,0
EGHLAT_x,0
HPRORy_c,0
LALDO3_c,0
LSERDHi_c,0
SBTD_L_c,0
THRD_L_m,0
TRPO2_c,0
LCADi_c,0
LGTHL_c,0
LNSTLS_c,0
LEUTA_c,0
LEUTA_m,0
LEUTRS_c,0
LTA4H_c,0
LTA4H_n,0
LTA4H2_c,0
LTA4H2_n,0
LTA4H3_c,0
LTA4H3_n,0
LYSTRS_c,0
MDH_m,0
ME1_m,0
MAN1PT_c,0
MAN6PI_c,0
MTHFC_m,0
METAT_c,0
METS_c,0
FMETTRS_m,0
METTRS_c,0
METTRS_m,0
MTHFD2i_c,0
MTHFD_m,0
MCITL2_m,0
MEVK1_c,0
MEVK2_c,0
MEVK3_c,0
MEVK4_c,0
DPMVD_c,0
MI1PP_c,0
M1PS_c,0
AGPRi_m,0
ACGAM6PS_c,0
ACGS_m,0
FKYNH_c,0
NADDP_x,0
NADK_c,0
NADK_m,0
NADN_n,0
NADS2_c,0
NADS2_n,0
NADHq9_c,0
NADHK1_c,0
NADHK1_m,0
NAMNPP_c,0
NAMNPP_m,0
NNAM_c,0
NNMT_c,0
NNDPR_c,0
NNDPR_m,0
NDP1_c,0
NDP3_c,0
NDP7_c,0
NDP7_g,0
NDP5_c,0
NDP10_c,0
NDPK3_c,0
NDPK8_c,0
NDPK7_c,0
NDPK5_c,0
NDPK4_c,0
NDPK1_c,0
NDPK9_c,0
NDPK10_c,0
NDPK6_c,0
NTP3_c,0
NTP7_c,0
NTP5_c,0
NTP10_c,0
NDP3_g,0
NDPK2_c,0
AHSERL_c,0
AHSERL2_c,0
SHSL1_c,0
OCBT_c,0
ORNDC_c,0
ORNTACi_m,0
ORNTA_c,0
ORPT_c,0
OMPDC_c,0
PTPAT_c,0
PNTK_c,0
PBAL_c,0
FACOAE100_x,0
FACOAE120_x,0
FACOAE160_x,0
FACOAE140_x,0
FACOAE180_x,0
FACOAE80_x,0
PHETA1_c,0
PHETRS_c,0
PHETRS_m,0
PRAIS_c,0
ACGAMPM_c,0
PAPSR_c,0
PPCK_c,0
PFK_c,0
GND_c,0
PGAMT_c,0
PGCD_c,0
PGK_c,0
PGM_c,0
PMANM_c,0
PMPK_c,0
PMEVK_c,0
PPNCL2_c,0
PPCDC_c,0
PPM_c,0
PRASCSi_c,0
PRAMPC_c,0
PRATPP_c,0
AIRC1_c,0
PRAGSi_c,0
GLUPRT_c,0
PSERT_c,0
PSPHPL_r,0
PSPHS_r,0
POLYAO1_c,0
PPBNGS_1_c,0
POLYAO2_c,0
POLYAO3_c,0
PPNDH_c,0
PPND2_c,0
PROD2_m,0
PROTRS_c,0
PPPGO_m,0
PNP_c,0
PUNP3_c,0
PUNP3_m,0
PUNP5_c,0
PYDXO_c,0
PYAM5PO_c,0
PDX5POi_c,0
PYDXNO_c,0
P5CR_c,0
PC_c,0
PYRDC_c,0
PYRDC2_c,0
PDH_m,0
PYK_c,0
RBFK_c,0
RBFK_m,0
RBFSa_c,0
RBFSb_c,0
RBK_c,0
RNDR1_c,0
RNDR1_n,0
RNDR3_c,0
RNDR3_n,0
RNDR2_c,0
RNDR2_n,0
RPI_c,0
RNMK_c,0
RPE_c,0
SAM24MT_c,0
SFGTHi_c,0
SACCD2_c,0
SACCD1_c,0
FBA3_c,0
SERAT_c,0
SERPT_r,0
SERTRS_c,0
SHK3Di_c,0
SHKK_c,0
SHCHD2_c,0
SHCHF_c,0
SPHPL_r,0
SBPP2_r,0
SBPP1_r,0
SPHGLpK_r,0
SLCBK1_r,0
ACONIs_m,0
ACONIs_c,0
SQLEx_r,0
SQLEy_r,0
SQLS_c,0
SUCOAS_m,0
SSALy_c,0
SUCR_e,0
SADT_c,0
SO3R_c,0
TAUDO_c,0
THFGLUS_c,0
TMDPK_c,0
TMDPPK_c,0
TMPPP_c,0
THIORDXi_n,0
TRDR_c,0
THRA_c,0
THRS_c,0
THRTRS_c,0
TMDS_c,0
ACONMT_c,0
PPTT_m,0
TALA_c,0
TRE6PP_c,0
TPI_c,0
TRPS1_c,0
TRPTA_c,0
TRPTRS_c,0
TRPTRS_m,0
TYRTA_c,0
TYRTAi_x,0
TYRTRS_c,0
TYRTRS_m,0
ERGSTGLCT_c,0
UAGDP_c,0
UDPG4E_c,0
UGLT_c,0
UMPK_c,0
UMPK_n,0
UPPRT_c,0
UREASE_c,0
URIK1_c,0
URIK2_c,0
URIDK2i_c,0
URIDK2_n,0
UPPDC1_c,0
UPP3MT_2_c,0
UPP3S_c,0
GALUi_c,0
VALTA_c,0
VALTA_m,0
VALTRS_c,0
VALTRS_m,0
XPPT_c,0
XYLK_c,0
YUMPS_c,0
MEVt_c_e,0
BTDt_c_e,0
2MBACt_c_e,0
2OXOADPt_c_m,0
4ABUTtps_e,0
5AOPtps_e,0
5FTHFt_c_e,0
ETACt_c_e,0
ADEtps_e,0
ADNtps_e,0
ADPATPt_c_m,0
ADPATPt_c_x,0
AKGCITta_m,0
ALLTTt_c,0
ALLTNt_c,0
NH4t_c_e,0
AMPATPt_c_x,0
ASPGLUt_c_m,0
CRNACRNt_c_m,0
CHOLtps_e,0
CITMALta_m,0
CITt3_m,0
CITICITta_m,0
COAt_c_m,0
CTPt2_m,0
CTPCMPt_c_m,0
CYTDtps_e,0
CSNtps_e,0
GALtps_e,0
LACDtps_c,0
LACtps_m,0
LACPYRt_c_m,0
ETHAt_c_e,0
FADH2t_c_m,0
FOLt_c_e,0
GDPMANt_c_g,0
GLCt_c_e,0
GTHRDt_c_e,0
GTHRDt_c_v,0
G3PIt_c_e,0
G3PCt_c_e,0
GLYCtps_e,0
GLYtps_e,0
GLYCOGENt_c_v,0
GTPGDPtp_m,0
GUAtps_e,0
INOSTtps_e,0
FE2t_c_e,0
FE2t_c_m,0
FE2t_c_rm,0
IAMACt_c_e,0
IBUTACt_c_e,0
IPDPt_c_m,0
ALAtps_e,0
ARGtps_e,0
ASNtpa_v,0
ASNtps_v,0
ASPtps_v,0
ASPtps_e,0
CYStps_e,0
CYSItps_v,0
GLUt_c_m,0
GLUtps_v,0
GLUtps_e,0
GLNtpa_v,0
GLNtps_v,0
HIStpa_v,0
ILEt_c_v,0
ILEtpa_v,0
ILEtps_v,0
LACt_c_m,0
LACLtps_c,0
LEUt_c_v,0
LEUtpa_v,0
LEUtps_v,0
LYStpa_v,0
LYStps_e,0
METtps_e,0
PHEtps_e,0
PROtps_e,0
SERtps_e,0
TYRt_c_v,0
TYRtpa_v,0
TYRtps_v,0
VALtps_e,0
MALt2_m,0
MALTtps_e,0
NFORTYR2t_c_e,0
NADt_c_m,0
NADt1_m,0
NADt2_m,0
NADt3_m,0
NACt_c_e,0
ORNtpa_m,0
ORNtps_e,0
OAAtps_m,0
PNTOtps_e,0
PENDPt_c_m,0
PHEACt_c_e,0
PItps_e,0
PItps_m,0
PTRCtpa_e,0
PTRCtpa_v,0
PYRtps_e,0
AMETt_c_m,0
NAtpa_c,0
SPMDtpa_e,0
SPMDtpa_v,0
SPRMtpa_e,0
SPRMtpa_v,0
SUCCt2_m,0
SUCFUMt_c_m,0
SO4t_c_e,0
SO3t_c_e,0
TAURt_c_e,0
UDPGALt_c_g,0
URAtps_e,0
UREAtps_e,0
URItps_e,0
UTPt_c_m,0
UTPUMPtp_m,0
H2Ot_c_e,0
EX_13BDglucan_e,0
13BDGLUCANt_c_en,0
EX_crn_e,0
EX_lac__D_e,0
EX_mev__R_e,0
EX_pnto__R_e,0
EX_btd_e,0
EX_3mop_e,0
EX_lac__L_e,0
EX_mal__L_e,0
EX_g3pi_e,0
MI13456Pt_c_n,0
MI1Pt_c_r,0
EX_dad_2_e,0
EX_dgsn_e,0
EX_din_e,0
EX_duri_e,0
2DDA7Pt_c_m,0
2DHPt_c_m,0
EX_3c3hmp_e,0
3C3HMPt_c_e,0
3C3HMPt_c_m,0
2MBTOHt_c_e,0
2MBTOHt_c_m,0
EX_2mbald_e,0
2MBALDt_c_e,0
2MBALDt_c_m,0
EX_2mbtoh_e,0
EX_2mbac_e,0
IBTALDt_c_e,0
IBTALDt_c_m,0
2OBUTt_c_m,0
EX_akg_e,0
AKGt_c_n,0
AKGt_c_e,0
EX_2phetoh_e,0
2PHETOHt_c_e,0
2PHETOHt_c_m,0
3C4MOPt_c_m,0
3MOPt_c_e,0
EX_3mbald_e,0
3MBALDt_c_e,0
3MBALDt_c_m,0
3HXPHBt_c_m,0
AHMMPS4_c,0
EX_4abz_e,0
4ABZt_c_e,0
4ABZt_c_m,0
4ABUTNt_c_m,0
4ABUTt_c_m,0
4H2OGLTt_c_m,0
4H2OGLTt_c_x,0
4HBZt_c_m,0
NTD7pp_c,0
NTD6pp_c,0
NTD3pp_c,0
NTD8_c,0
NTD5_c,0
NTD1pp_c,0
NTD10pp_c,0
EX_5aop_e,0
5AOPt_c_m,0
EX_5fthf_e,0
EX_dann_e,0
DANNt_c_e,0
EX_8aonn_e,0
EX_xan_e,0
EX_acald_e,0
ACALDt_c_m,0
ACALDt_c_e,0
EX_ac_e,0
ACt_c_n,0
ACCOAt_c_n,0
ACRNt_c_x,0
EX_ade_e,0
ADEt_c_m,0
EX_pap_e,0
PAPt_c_m,0
EX_adn_e,0
ADPt_c_n,0
ADPt_c_r,0
AKGt_c_x,0
EX_alltt_e,0
EX_alltn_e,0
EX_tre_e,0
EX_gam6p_e,0
EX_nh4_e,0
AMPt_c_n,0
ARGtps_m,0
ASNt_c_m,0
ASPGLUt_c_x,0
ATPt_c_n,0
ATPt_c_r,0
EX_hco3_e,0
HCO3E_m,0
HCO3E_n,0
HCO3E_c,0
HCO3E_e,0
HCO3t_c_n,0
EX_co2_e,0
CRNt_c_x,0
CRNCARt_c_x,0
CDPt_c_n,0
EX_chol_e,0
CHOLt_c_en,0
CHRPL_c,0
CITt_c_e,0
EX_cit_e,0
CITICTta_x,0
CITMALta_x,0
CMPN_c,0
CO2t_c_r,0
CO2t_c_n,0
CO2t_c_x,0
CO2t_c_m,0
CO2t_c_e,0
COAt_c_r,0
COAt_c_n,0
COAt_c_x,0
EX_cytd_e,0
CYTK1_c,0
CYTK2_c,0
EX_csn_e,0
EX_arab__D_e,0
ARABDt_c,0
E4Pt_c_m,0
EX_fru_e,0
EX_gal_e,0
EX_galur_e,0
EX_sbt__D_e,0
GAM6Pt_c,0
EX_glc__D_e,0
EX_man_e,0
EX_rib__D_e,0
SBTDt_c,0
EX_xyl__D_e,0
XYLt_c_e,0
DADPt_c_n,0
DCDPt_c_n,0
ATPHs_c,0
NTPDA2_c,0
NDPDA1_c,0
NDPDA2_c,0
DNADt_c_n,0
EX_dca_e,0
DADt_c_e,0
DADK_c,0
EX_dcyt_e,0
DCYTt_c_e,0
DGSNt_c_e,0
DINt_c_e,0
DURIK1_c,0
DURIt_c_e,0
DPCOAK_c,0
DGDPt_c_n,0
DHNPTt_c_m,0
SPRMAT_c,0
DHFt_c_m,0
DNTPPA_c,0
DHPTt_c_m,0
DHAPt_c_m,0
PPIt_c_x,0
DOLPt_c_r,0
EX_dttp_e,0
DTTPt_c,0
DUDPt_c_n,0
DUMPt_c_n,0
EX_epist_e,0
ERGTETROLt_c_r,0
EX_ergst_e,0
ERGSTt_c_r,0
ERGSTt_c_l,0
ERGSTt_c_en,0
EX_etoh_e,0
ETOHt_c_e,0
ETOHt_c_m,0
EX_etha_e,0
EX_etac_e,0
FRDPt_c_m,0
DCAt_c_x,0
DDCAt_c_x,0
TTDCAt_c_x,0
OCTAt_c_x,0
TTDCAt_c_e,0
EX_fecost_e,0
FMNAT_m,0
EX_fmn_e,0
EX_fol_e,0
EX_for_e,0
FORt_c_m,0
FORt_c_e,0
FUMt_c_e,0
FRUK_c,0
EX_fum_e,0
EX_4abut_e,0
GDPt_c_g,0
GDPt_c_n,0
GDPMANNt_c_g,0
GLCt_c_v,0
EX_gthox_e,0
EX_gthrd_e,0
EX_glyc_e,0
GLYC3Pt_c_m,0
EX_gly_e,0
GLYt_c_m,0
GCALDt_c_m,0
GCALDt_c_e,0
EX_gcald_e,0
EX_glx_e,0
GLXt_c_e,0
GLXt_c_x,0
EX_gua_e,0
GUAt_c_m,0
EX_gsn_e,0
GSNK_c,0
GSNt_c_m,0
GSNt_c_e,0
Ht_c_e,0
Ht_c_r,0
Ht_c_g,0
Ht_c_l,0
Ht_c_n,0
Ht_c_x,0
Ht_c_v,0
HXCCOAt_c_r,0
EX_hxdcal_e,0
HDCAt_c_e,0
HDCEAt_c_e,0
HISt_c_m,0
H2O2t_c_n,0
HMGCOAt_c_m,0
EX_hxan_e,0
HXANt_c_e,0
EX_id3acald_e,0
ID3ACALDt_c_m,0
ID3ACALDt_c_e,0
IND3ACt_c_m,0
EX_ins_e,0
INSt_c_e,0
INOSHPt_c_n,0
INSK_c,0
EX_fe2_e,0
EX_iamac_e,0
IAMOHt_c_e,0
IAMOHt_c_m,0
EX_iamoh_e,0
EX_ibutoh_e,0
EX_ibutac_e,0
IBUTOHt_c_e,0
IBUTOHt_c_m,0
EX_ibtald_e,0
PHCHGS_m,0
AOBUTDs_c,0
EX_ala__L_e,0
ALAt_c_m,0
EX_abt__L_e,0
ABTt_c_e,0
ARABLt_c,0
EX_arab__L_e,0
EX_arg__L_e,0
EX_asn__L_e,0
EX_asp__L_e,0
CRNt_c_m,0
EX_cys__L_e,0
E4HGLUt_c_m,0
E4HGLUt_c_x,0
EX_sbt__L_e,0
G5SADr_c,0
EX_glu__L_e,0
GLUt_c_n,0
EX_gln__L_e,0
GLNt_c_n,0
EX_his__L_e,0
HOMt_c_e,0
EX_hom__L_e,0
EX_ile__L_e,0
ILEt_c_m,0
EX_leu__L_e,0
EX_lys__L_e,0
MALt_c_e,0
EX_met__L_e,0
EX_phe__L_e,0
EX_pro__L_e,0
PROt_c_m,0
EX_ser__L_e,0
SERt_c_r,0
SBTLt_c,0
EX_srb__L_e,0
SRBt_c_e,0
EX_thr__L_e,0
EX_trp__L_e,0
EX_tyr__L_e,0
EX_val__L_e,0
EX_lanost_e,0
EX_ddca_e,0
LYSt_c_m,0
MALOAAta_x,0
EX_malt_e,0
MANNANt_c_r,0
METt_c_m,0
MGSA_c,0
EX_inost_e,0
EX_Nfortyr2_e,0
NADPt_c_r,0
NADPHt_c_r,0
NH4t_c_m,0
NCAMt_c_n,0
EX_nac_e,0
EX_nmn_e,0
NMNt_c_n,0
NMNt_c_x,0
NMNt_c_e,0
NDP4_c,0
NTP4_c,0
ACRNt_c_m,0
O2t_c_r,0
O2t_c_m,0
O2t_c_e,0
O2t_c_x,0
OCDCAt_c_e,0
EX_octa_e,0
EX_orn_e,0
OAAt_c_e,0
EX_oaa_e,0
GTHOXt_c,0
TRDOXt_c_x,0
EX_o2_e,0
EX_hdca_e,0
EX_hdcea_e,0
PMTCOAt_c_r,0
PAN4Pt_c_m,0
PAPt_c,0
EX_pectin_e,0
EX_pheac_e,0
EX_pacald_e,0
PACALDt_c_e,0
PACALDt_c_m,0
PHEt_c_m,0
EX_pi_e,0
PIt_c_v,0
PPPG9t_c_m,0
PRPPt_c_m,0
EX_ptrc_e,0
HYPOE_c,0
EX_pydxn_e,0
PMDPHT_c,0
PYNP2r_c,0
PPIt_c_m,0
EX_pyr_e,0
PYRtps_m,0
QULNt_c_m,0
TRDRDt_c_x,0
EX_ribflv_e,0
RIBFLVt_c_m,0
RIBt_c_e,0
AHCYSt_c_m,0
EX_amet_e,0
EX_mmet_e,0
SERt_c_m,0
EX_g3pc_e,0
EX_na1_e,0
SPMDAT_c,0
EX_spmd_e,0
EX_sprm_e,0
SQLt_c_r,0
SSQ23EPXt_c_r,0
EX_ocdca_e,0
EX_succ_e,0
SUCCt_c_e,0
EX_sucr_e,0
EX_so4_e,0
EX_so3_e,0
EX_taur_e,0
TTCCOAt_c_r,0
THMP_c,0
TMN_c,0
EX_thmpp_e,0
EX_thm_e,0
EX_thmmp_e,0
TMPK_c,0
THZPSN2_c,0
THZPSN1_c,0
THRt_c_m,0
EX_thymd_e,0
TMDK1_c,0
THYMDt_c_e,0
TREtps_e,0
TREt_c_v,0
TRPt_c_m,0
EX_ind3eth_e,0
IND3ETHt_c_e,0
IND3ETHt_c_m,0
TYRt_c_m,0
TYRt_c_x,0
UMPt_c_n,0
EX_ura_e,0
EX_urea_e,0
EX_uri_e,0
VALt_c_m,0
H2Ot_c_r,0
H2Ot_c_g,0
H2Ot_c_m,0
H2Ot_c_n,0
H2Ot_c_x,0
H2Ot_c_v,0
XANt_c_e,0
EX_xtsn_e,0
XTSNt_c_e,0
EX_xylt_e,0
XYLTt_c_e,0
EX_zymst_e,0
ZYMSTt_c_en,0
KYNAT2_c,0
QUILSYN_c,0
ALCD2i2_c,0
ALDD2x_c,0
COAt_c_l,0
SBP_c,0
Ht_c_m,0
ICDHyi_m,0
AKGMALta_m,0
EAR40y_m,0
EAR60y_m,0
EAR80y_m,0
3OACE200_rm,0
3OACE220_rm,0
3OACE240_rm,0
3OACE260_rm,0
3OACR200_rm,0
3OACR220_rm,0
3OACR240_rm,0
3OACR260_rm,0
3HACD200_rm,0
3HACD220_rm,0
3HACD240_rm,0
3HACD260_rm,0
ECOAR200_rm,0
ECOAR220_rm,0
ECOAR240_rm,0
ECOAR260_rm,0
ACOADS160_rm,0
ACOADS180_rm,0
OCTAt_c_e,0
DCAt_c_e,0
DDCAt_c_e,0
EX_but_e,0
EX_hxa_e,0
EX_ocdcea_e,0
BUTt_c_e,0
HXAt_c_e,0
OCDCEAt_c_e,0
EX_ttdca_e,0
FACOAL120_rm,0
FACOAL140_rm,0
FACOAL160_rm,0
FACOAL161_rm,0
FACOAL180_rm,0
FACOAL181_rm,0
FACOAL120_l,0
FACOAL140_l,0
FACOAL160_l,0
FACOAL161_l,0
FACOAL180_l,0
FACOAL181_l,0
FACOAL161_x,0
FACOAL180_x,0
FACOAL181_x,0
FACOAL200_en,0
FACOAL220_en,0
FACOAL240_en,0
FACOAL260_en,0
FACOAL220_rm,0
FACOAL240_rm,0
FACOAL260_rm,0
FACOAL220_l,0
FACOAL240_l,0
FACOAL260_l,0
FACOA120tabc_x,0
FACOA140tabc_x,0
FACOA160tabc_x,0
FACOA161tabc_x,0
FACOA180tabc_x,0
FACOA181tabc_x,0
FACOA200tabc_x,0
FACOA220tabc_x,0
FACOA240tabc_x,0
FACOA260tabc_x,0
BUTt_c_x,0
HXAt_c_x,0
FACOAE40_x,0
FACOAE60_x,0
FACOAE161_x,0
FACOAE181_x,0
ACOAO40_x,0
ACOAO60_x,0
ACOAO80_x,0
ACOAO200_x,0
ACOAO220_x,0
ACOAO240_x,0
ACOAO161b_x,0
ACOAO141b_x,0
ACOAO121a_x,0
ACOAO181a_x,0
ACOAO161a_x,0
ACOAO141a_x,0
ECOAH100_x,0
ECOAH120_x,0
ECOAH140_x,0
ECOAH160_x,0
ECOAH180_x,0
ECOAH260_x,0
ECOAH40_x,0
ECOAH60_x,0
ECOAH80_x,0
ECOAH200_x,0
ECOAH220_x,0
ECOAH240_x,0
ECOAH161b_x,0
ECOAH141b_x,0
ECOAH121a_x,0
ECOAH181a_x,0
ECOAH161c_x,0
ECOAH141c_x,0
HACD100i_x,0
HACD120i_x,0
HACD160i_x,0
HACD180i_x,0
HACD260i_x,0
HACD40i_x,0
HACD60i_x,0
HACD80i_x,0
HACD200i_x,0
HACD220i_x,0
HACD240i_x,0
HACD161bi_x,0
HACD141bi_x,0
HACD121ai_x,0
HACD181ai_x,0
HACD161ai_x,0
HACD141ai_x,0
ACACT40i_x,0
ACACT60i_x,0
ACACT80i_x,0
ACACT200i_x,0
ACACT220i_x,0
ACACT240i_x,0
ACACT161bi_x,0
ACACT141bi_x,0
ACACT121ai_x,0
ACACT181ai_x,0
ACACT161ai_x,0
ACACT141ai_x,0
ECOAI101a_x,0
ECOAI122c_x,0
ECOAI121b_x,0
ECOAI121a_x,0
ECOAI142c_x,0
ECOAI141a_x,0
ECOAR122_x,0
ECOAR142_x,0
STEHz161_en,0
STEHz181_en,0
DDCAt_c_rm,0
TTDCAt_c_rm,0
HDCAt_c_rm,0
HDCEAt_c_rm,0
OCDCAt_c_rm,0
OCDCEAt_c_rm,0
MALCOAt_c_rm,0
DDCACOAt_c_rm,0
TDCOAt_c_rm,0
PMTCOAt_c_rm,0
HDCOAt_c_rm,0
STCOAt_c_rm,0
ODECOAt_c_rm,0
ICOSCOAt_c_rm,0
DOCOSCOAt_c_rm,0
TTCCOAt_c_rm,0
HXCCOAt_c_rm,0
Ht_c_rm,0
H2Ot_c_rm,0
CO2t_c_rm,0
COAt_c_rm,0
NADPHt_c_rm,0
NADPt_c_rm,0
O2t_c_rm,0
NADHt_c_rm,0
NADt_c_rm,0
GLYC3Pt_c_rm,0
DHAPt_c_rm,0
PPIt_c_rm,0
PIt_c_rm,0
CTPt_c_rm,0
CDPt_c_rm,0
CMPt_c_rm,0
CDPEAt_c_rm,0
CDPCHOLt_c_rm,0
ATPt_c_rm,0
AMPt_c_rm,0
SERt_c_rm,0
INOSTt_c_rm,0
AMETt_c_rm,0
AHCYSt_c_rm,0
EPISTt_c_rm,0
FECOSTt_c_rm,0
LANOSTt_c_rm,0
ERGSTt_c_rm,0
ZYMSTt_c_rm,0
G3PCt_c_rm,0
HDCAt_c_l,0
HDCEAt_c_l,0
OCDCAt_c_l,0
OCDCEAt_c_l,0
DDCACOAt_c_l,0
TDCOAt_c_l,0
PMTCOAt_c_l,0
HDCOAt_c_l,0
STCOAt_c_l,0
ODECOAt_c_l,0
GLYC3Pt_c_l,0
DHAPt_c_l,0
NADPHt_c_l,0
NADPt_c_l,0
ATPt_c_l,0
AMPt_c_l,0
PPIt_c_l,0
H2Ot_c_l,0
GLYCt_c_l,0
DOCOSCOAt_c_l,0
TTCCOAt_c_l,0
HXCCOAt_c_l,0
ATPt_c_en,0
ADPt_c_en,0
Ht_c_en,0
H2Ot_c_en,0
PIt_c_en,0
G3PCt_c_en,0
G3PIt_c_en,0
HDCAt_c_en,0
HDCEAt_c_en,0
OCDCAt_c_en,0
OCDCEAt_c_en,0
ICOSCOAt_c_en,0
DOCOSCOAt_c_en,0
TTCCOAt_c_en,0
HXCCOAt_c_en,0
H2Ot_c_vm,0
PIt_c_vm,0
Ht_c_vm,0
ATPt_c_vm,0
ADPt_c_vm,0
CO2t_c_vm,0
H2Ot_c_gm,0
PIt_c_gm,0
Ht_c_gm,0
CO2t_c_gm,0
ATPt_c_gm,0
ADPt_c_gm,0
H2Ot_c_mm,0
CO2t_c_mm,0
HDCOAt_c_mm,0
ODECOAt_c_mm,0
HDCAt_c_mm,0
OCDCAt_c_mm,0
COAt_c_mm,0
DDCAt_l_rm,0
TTDCAt_l_rm,0
HXCAt_l_rm,0
EPISTt_l_rm,0
FECOSTt_l_rm,0
LANOSTt_l_rm,0
ZYMSTt_l_rm,0
ZYM161t_l_rm,0
ZYM181t_l_rm,0
HXCAt_en_rm,0
ZYM161t_en_rm,0
ZYM181t_en_rm,0
HXCAt_r_rm,0
PIt_r_rm,0
Ht_m_mm,0
GLYC3Pt_m_mm,0
CMPt_m_mm,0
CTPt_m_mm,0
PIt_m_mm,0
PPIt_m_mm,0
GTHRDtabc_v,0
GLYCDy_c,0
uniDOLDP_l,0
CRNOAT_m,0
EX_h_e,0
EX_k_e,0
EX_h2o_e,0
EX_14dmlanost_e,0
14DMLANOSTt_c_e,0
EX_ergtetrol_e,0
ERGTETROLt_c_e,0
HSDx_c,0
ME2_m,0
RAFH_e,0
URIH_c,0
HEMEAt_c_m,0
EX_raffin_e,0
EX_melib_e,0
PYDX5PS_c,0
4AMPMS_c,0
AROHL_c,0
4HPPCL_c,0
EX_fe3_e,0
4HPEOR_c,0
GUAPRT_c,0
AICART_c,0
HCITS_m,0
MTHFD_c,0
IMPD_c,0
TKT2_c,0
TKT1_c,0
ATPASEV_v,0
FRUtps_e,0
PSP_L_c,0
MANtps_e,0
IMPC_c,0
SUCDq9_m,0
GLYOX_m,0
LANOSTt_c_e,0
SERD_L_c,0
EPISTt_c_e,0
PGL_c,0
ERGSTt_c_e,0
IPPS_c,0
ALDD22x_c,0
AOXS_c,0
HCITS_n,0
GNK_c,0
CRNAT120_m,0
MPYRCNST_c,0
MANNANH_e,0
GLUTCOADH_m,0
3OAS140_c,0
URO_c,0
3HAD120_c,0
ASPTA4_c,0
TRPDC_c,0
3OAR80_c,0
3OAS100_c,0
3HAD80_c,0
Kt_c_m,0
3HAD180_c,0
QUINDH_c,0
3OAS120_c,0
3HBHYOX_c,0
3OADPCOAT_m,0
MI134PPH_c,0
BZHYOX_c,0
AVNORy_c,0
HQLOR_c,0
OCOAT1_m,0
3HAD60_c,0
PGCPH_c,0
ARAI2_c,0
3OAS160_c,0
MACACI_c,0
SPHINGSt_c_e,0
3INDACNLAH_c,0
DAG3Pabct_c_m,0
FUMACACH_c,0
3OAS80_c,0
EAR100y_c,0
3HAD40_c,0
XAND_c,0
MERLACOR_c,0
3OAS60_c,0
3OAS40_c,0
PCLAD_c,0
HXAND_c,0
NITRy_c,0
LCYSTAT_c,0
3HAD100_c,0
3OAS180_c,0
3HAD140_c,0
3OAR60_c,0
HIBH_m,0
3OAR140_c,0
PEtabc_m,0
3OAR100_c,0
PTRCAT1_c,0
NITRx_c,0
ETFOXRq9_m,0
NOX_c,0
3OAR120_c,0
EAR180y_c,0
DHPM2_c,0
HGENDO_c,0
QUINt_c_e,0
ACKr_c,0
PGt_c_m,0
3OAR160_c,0
3OAR40_c,0
OPAH_c,0
DOLDPP_c,0
HACDm40_c,0
3HAD160_c,0
OAR1_c,0
SPHGAT181_c,0
UREA_c,0
CAROL3_c,0
GLUR_c,0
PHYTOES_c,0
CSNPURt_c_e,0
GLCDx_c,0
OAR2_c,0
GLCtps_e,0
CITCOAL_c,0
CAROL2_c,0
ACt_c_m,0
HEX7b_c,0
HIBTD_c,0
CAROL1_c,0
TORULNOXi_c,0
ACHAH_c,0
CLt_c_e,0
GLCNtps_e,0
FER_c,0
EAR80y_c,0
DPGT_c,0
ACOATA_c,0
3MOPR_m,0
ECOAH40_m,0
OAR3_m,0
ECOAH140_m,0
3MOBR_m,0
EAR140y_c,0
ECOAH80_m,0
EAR160y_c,0
ECOAH160_m,0
MANNANH_c,0
PKETF_c,0
EAR120y_c,0
ECOAH100_m,0
4MOPR_m,0
ECOAH120_m,0
ECOAH60_m,0
NO3t_c_e,0
CBMHL_c,0
3OAR180_c,0
ACITL_c,0
ACEST1_m,0
GLYCK_c,0
AGMT_e,0
MASCBRx_c,0
AHGDf_m,0
RHMND2_c,0
SALCMOX_x,0
BETALDHx_x,0
INOSHP3H_v,0
CHITOSNSE_c,0
DGLCND3H_c,0
DGLCND5H_c,0
ACCOAt_c_r,0
GMAND_c,0
AFLTXNB1S_c,0
AFLTXNB2S_c,0
CPLSPNEST_e,0
NGLYCANS1_c,0
NGLYCANS2_c,0
NGLYCANS3_c,0
NGLYCANS4_c,0
NGLYCANS5_c,0
NGLYCANS6_c,0
NGLYCANS7_c,0
NGLYCANS8_r,0
NGLYCANS9_r,0
NGLYCANS10_r,0
NGLYCANS11_r,0
NGLYCANS12_r,0
NGLYCANS13_r,0
NGLYCANS14_r,0
NGLYCANS15_r,0
NGLYCANS16_r,0
NGLYCANS17_r,0
NGLYCANS18_r,0
NGLYCANS19_g,0
OGLYCANS1_r,0
OGLYCANS_B3GAT1_r,0
TROPNDH_c,0
PADAH_c,0
PACt_c_x,0
PACCOAL_x,0
PACCOAE_c,0
CHOLD_c,0
LYSN6MOX_c,0
ORNN5MOX_c,0
CMBOLHcis_c,0
CMBOLHtrans_c,0
PYDXNOR_c,0
RDH_c,0
UDPGD_c,0
TDPDRR_c,0
NITROPP_c,0
PGLYCP_c,0
4CMCOAL_x,0
XYLI1_c,0
XYLI2_c,0
3DHSKD_c,0
CMPA_c,0
FRMDH_c,0
DAOorn_x,0
DAOpro_x,0
DAOarg_x,0
DAOala_x,0
DAOgly_x,0
DAO4hpro_x,0
CEPHSCOX_x,0
RADHx_m,0
ETNO2OX_c,0
PAFH_c,0
SDPDS_c,0
PHACRDC1_c,0
PHACRDC2_c,0
PHACRDC3_c,0
PHACRDC4_c,0
CHTNH_e,0
CHTNH_v,0
MUCOCI_c,0
MUCOCI_e,0
CMUCOC_c,0
3HBRDH_c,0
PHEN2MOXy_c,0
3HPPPNH_c,0
3HCINNMH_c,0
MCCC_m,0
ARAK_c,0
DNTP_c,0
CATOX_e,0
ASCBOX_c,0
VANLLOX_x,0
2DOXG6PP_c,0
F1PP_c,0
PGS_x,0
CELLBH_e,0
CFCOAMT_c,0
ARSO4H_c,0
ACGAM6S1_r,0
ACGAM6S2_r,0
CHLSTI2_c,0
TYRCBOX_x,0
MDLDH_x,0
ACRNAH_x,0
ACOAD40f_m,0
ACOAD60f_m,0
ACOADm30f_m,0
ACOADm40f_m,0
ACOAD80f_m,0
ACOADm50f_m,0
INO3GALT_c,0
XYLRy_c,0
ARABRy_c,0
XYLURy_c,0
XYLURx_c,0
RBK_D_c,0
GTPDPDP_c,0
PPGPPDP_c,0
2OGMAH_c,0
2OSUCAH_c,0
ORNCD_m,0
GBBOX_c,0
HACD40y_c,0
UDPGLDC_c,0
FRMDAH_c,0
MGCH_m,0
ADPRDP_m,0
G6PE_c,0
SULFOX2_c,0
MANNAN14H_c,0
AEPI1_c,0
AEPI2_c,0
GALOX_e,0
ACPCS_c,0
CATDOX_c,0
TMLYSOX_m,0
BZHYOX_r,0
ARAB14LO_x,0
3OAR80_m,0
3OAR60_m,0
3OAR40_m,0
ACHAH_e,0
BTS1_m,0
FACOAE120_c,0
FACOAE160_c,0
FACOAE140_c,0
FACOAE180_c,0
FACOAE161_c,0
FACOAE181_c,0
FACOAL200_x,0
FACOAL220_x,0
FACOAL240_x,0
FACOAL260_x,0
FUMACACH_m,0
TYRTA_m,0
PHETA1_m,0
EGHLAT_m,0
ALDD20y_c,0
STEHz161_rm,0
STEHz181_rm,0
MCOATA_m,0
ACONTa_m,0
ACONTb_m,0
MALT_c,0
CERS2A24_r,0
ALATA_L_m,0
GPIA1_c,0
GPIA2_c,0
GPIA3_c_r,0
GPIA4_r,0
GPIA5_r,0
GPIA6_r,0
GPIA7_r,0
GPIA8a_r,0
GPIA9a_r,0
GPIA10a_r,0
GPIA8b_r,0
PCOATA140_c,0
PCOATA160_c,0
PCOATA180_c,0
ACCOAC_c,0
EAR40y_c,0
EAR60y_c,0
MCOATA_c,0
3HAD40_m,0
3HAD60_m,0
3HAD80_m,0
EX_arach_e,0
ARACHt_c_e,0
FACOAL200_rm,0
FACOAL200_l,0
ACACT180i_m,0
ACACT260i_m,0
ACACT160i_m,0
ACACT140i_m,0
ACACT100i_m,0
ACACT120i_m,0
ACACT40i_m,0
ACACT60i_m,0
ACACT80i_m,0
ACACT200i_m,0
ACACT220i_m,0
ACACT240i_m,0
ACACT161bi_m,0
ACACT141bi_m,0
ACACT121ai_m,0
ACACT181ai_m,0
ACACT161ai_m,0
ACACT141ai_m,0
ECOAH180_m,0
ECOAH161b_m,0
ECOAH141b_m,0
ECOAH121a_m,0
ECOAH181a_m,0
ECOAH161c_m,0
ECOAH141c_m,0
HACD40i_m,0
HACD60i_m,0
HACD80i_m,0
HACD100i_m,0
HACD120i_m,0
HACD140i_m,0
HACD160i_m,0
HACD180i_m,0
HACD121ai_m,0
HACD141ai_m,0
HACD141bi_m,0
HACD161ai_m,0
HACD161bi_m,0
HACD181ai_m,0
NADHcplxI_c_m,0
PGMT_c,0
ATPS_m,0
FECRq9_m,0
FECOOR_m,0
ACEST1_x,0
MDH_c,0
ASPTAi_m,0
PHYTOED1_c,0
PHYTOED2_c,0
PHYTOED3_c,0
PHYTOED4_c,0
PHYTOED5_c,0
CAROMOX1_c,0
CAROMOX2_c,0
ZEAEPOX1_c,0
ZEAEPOX2_c,0
C3STKR1_c,0
C3STKR2_c,0
CERS124_c,0
CERS126_c,0
CERS2A26_r,0
PRAIi_c,0
PRPPS_c,0
FCLT_m,0
MTHFC_c,0
FTHFL_c,0
MALS_c,0
NFTYROX_c,0
PYDAMK_c,0
PYDXK_c,0
PYDXNK_c,0
THIORDXi_m,0
TRDR_m,0
ARGtpa_v,0
TCHOLAtabc_v,0
ACt_c_e,0
NNATi_c,0
G3PT_c,0
ANNAT_n,0
ANNAT_c,0
DKMPPH_c,0
DKMEOX_c,0
DOLDPt_c_l,0
G00006t_c_r,0
G00011t_g_r,0
G13027t_g_r,0
OGLYCANS2_g,0
OGLYCANS3_g,0
OGLYCANS4_g,0
OGLYCANS5_g,0
EX_nad_e,0
EX_nadp_e,0
EX_pydx5p_e,0
EX_q9h2_e,0
EX_ca2_e,0
EX_cl_e,0
EX_cobalt2_e,0
EX_cu2_e,0
EX_mg2_e,0
EX_mn2_e,0
EX_mobd_e,0
EX_ni2_e,0
EX_zn2_e,0
NADt_c_e,0
NADPt_c_e,0
PYDX5Pt_c_e,0
Q9H2t_c_e,0
Q9H2t_c_m,0
CA2t_c_e,0
COBALT2t_c_e,0
CU2t_c_e,0
Kt_c_e,0
MG2t_c_e,0
MN2t_c_e,0
MOBDt_c_e,0
NI2t_c_e,0
ZN2t_c_e,0
DHAPAT_rm,0
DHAPAT_l,0
G3PAT_rm,0
G3PAT_l,0
AGNPR_rm,0
AGNPR_l,0
AGPAT_rm,0
AGPAT_l,0
ETHAPT_rm,0
CHOLPT_rm,0
CDPDAGS_rm,0
CDPDAGS_mm,0
PSSA_rm,0
PAILS_rm,0
PGPS_mm,0
PGPP_mm,0
CLPNS_mm,0
CLAH1_mm,0
CLAH3_mm,0
1MLCLAT_mm,0
3MLCLAT_mm,0
PAP_rm,0
PAP_vm,0
DGAT_rm,0
DGAT_l,0
TAGL_l,0
TAGL_m,0
DAGL_l,0
DAGL_m,0
MAGL_l,0
DAGK_rm,0
DGPP_vm,0
LPAP_vm,0
PDAGATpe_rm,0
PDAGATpc_rm,0
PSD_mm,0
PSD_gm,0
PSD_vm,0
PEMT_rm,0
PMEMT_rm,0
PDMEMT_rm,0
LPCAT_mm,0
PLAA2pc_rm,0
PLAA2pc_en,0
PLAA2pe_en,0
PLAA2pc_mm,0
PLAA2pe_mm,0
PLAA1lpc_rm,0
PLAA1lpc_en,0
PLAA1lpe_en,0
PLAA1lpc_mm,0
PLAA1lpe_mm,0
PLACipc_r,0
PLACmipc_r,0
PLACmip2c_m,0
PLACipc_m,0
PLACmipc_m,0
PLACpail_c,0
PLACpail45p_c,0
PLACpail45p_n,0
PLACpg_mm,0
PLADpc_en,0
PI3PP_en,0
PI3PP_c,0
PI3PP_rm,0
PI3PP_gm,0
PI4PP_en,0
PI4PP_c,0
PI4PP_rm,0
PI4PP_gm,0
LPIAT_rm,0
PAIL4K_en,0
PAIL4K_vm,0
PAIL4K_gm,0
PAIL4K_n,0
PAIL3K_vm,0
PI4P5K_n,0
PI4P5K_en,0
PI45P5P_c,0
PI45P5P_en,0
PI3P5K_vm,0
PI35P5P_en,0
PI35P5P_c,0
PI35P5P_vm,0
IPCS_g,0
MIPCS_g,0
IPT_g,0
STATg_rm,0
compCER_m,0
compCER_r,0
compCER_g,0
compACYLCOA_c,0
compACYLCOA_l,0
compACYLCOA_m,0
compACYLCOA_r,0
compACYLCOA_rm,0
compACYLCOA_x,0
compFALPD_mm,0
compFALPD_m,0
compFALPD_rm,0
compFALPD_en,0
PAt_gm_rm,0
PAt_l_rm,0
PAt_mm_rm,0
PAt_rm_vm,0
PAt_en_rm,0
DAGt_c_l,0
DAGt_c_mm,0
DAGt_c_n,0
DAGt_c_rm,0
DAGt_gm_rm,0
TAGt_c_rm,0
TAGt_l_rm,0
1AGPEt_l_rm,0
1AGPCt_l_rm,0
PSt_c_m,0
PSt_c_rm,0
PSt_en_rm,0
PSt_mm_rm,0
PSt_gm_rm,0
PSt_rm_vm,0
PAILt_c_rm,0
PAILt_en_rm,0
PAILt_rm_vm,0
PAILt_gm_rm,0
PAILt_n_rm,0
CERt_g_r,0
PCt_l_rm,0
PCt_en_rm,0
PCt_mm_rm,0
PCt_c_rm,0
PEt_l_rm,0
PEt_gm_rm,0
PEt_c_rm,0
PEt_en_rm,0
PEt_mm_rm,0
PEt_rm_vm,0
PAIL4Pt_c_en,0
PAIL4Pt_en_rm,0
PAIL45Pt_c_n,0
PAIL45Pt_c_en,0
PAIL45Pt_en_rm,0
PAIL3Pt_gm_vm,0
PAIL3Pt_rm_vm,0
PAIL35Pt_c_vm,0
PAIL35Pt_en_vm,0
IPCt_g_r,0
MIPCt_g_r,0
MIP2Ct_g_r,0
ERGSTESTt_l_rm,0
ERGSTESTt_c_rm,0
FRDPt_c_l,0
IPDPt_c_l,0
PEt_c_r,0
DAGt_c_r,0
MANt_c_g,0
GLCt_c_r,0
DOLGLCPt_c_r,0
DOLDPt_c_r,0
4CMCOAL_c,0
4HBZF_c,0
SPRMS_c,0
SPMS_c,0
EX_btn_c,0
ACOADS181_rm,0
DESAT18_2_rm,0
LINOCOAt_c_rm,0
LINOCOAt_c_l,0
LINOEAt_c_l,0
FACOAL182_l,0
FACOAL182_rm,0
FACOAL182_x,0
FACOAE182_c,0
FACOAE182_x,0
ACOADS182_rm,0
ACOADS182_3_rm,0
LINOLNCOAt_c_rm,0
LINOLNCOAt_c_l,0
LINOLENt_c_l,0
FACOAL183_l,0
FACOAL183_rm,0
FACOAL183_x,0
FACOAE183_c,0
FACOAE183_x,0
FE3t_c_e,0
FE3t_c_m,0
FE3t_c_rm,0
4HPPR_c,0
4HPLH_c,0
4HBZCOAS_c,0
4HBZNPT_m,0
3NPDHBZH_m,0
3NPDHMT_m,0
3NP4H5MOBCL_m,0
Q9MO_m,0
Q9MT1_m,0
Q9OR_m,0
Q9MT2_m,0
PREN9DPt_c_l,0
PREN9DPt_c_m,0
BIOMASS,0
BIOMASS_MFA,0
BIOMASS_MFA_NO_GAM,0
DM_5mta_c,0
AMETt_c_e,0
FOLR_c,0
FOLR_m,0
DHAD1_c,0
DHAD2_c,0
DBTS_c,0
ATPM_c,0
ABTLD_c,0
ABTD4Dx_c,0
XYLTOR_c,0
ABTDt_c_e,0
EX_abt__D_e,0
EX_tag_c,0
EX_caro_c,0
EX_cellb_e,0
THMtps_e,0
PLACmip2c_r,0
THRtps_e,0
ASNN_e,0
GLUN_e,0
FALPDt_c_l,0
FALPDt_c_m,0
FALPDt_c_en,0
FALPDt_c_rm,0
FALPDt_c_mm,0
compFALPD_c,0
DOCOSAt_c_l,0
TTCOSAt_c_l,0
TAGt_c_m,0
DOCOSAt_c_e,0
TTCOSAt_c_e,0
EX_docosa_e,0
EX_ttcosa_e,0
ME2_c,0
FACOA182tabc_x,0
FACOA183tabc_x,0
MAGL_m,0
GLYCt_c_m,0
CRNAT120_x,0
CRN120t_c_x,0
ACOAD40f_x,0
ACOAD60f_x,0
ACOAD80f_x,0
ACOAD100f_x,0
ACOAD120f_x,0
ACOAD140f_x,0
ACOAD160f_x,0
ARACHt_c_rm,0
DOCOSAt_c_rm,0
TTCOSAt_c_rm,0
EX_hxca_e,0
HXCAt_c_e,0
HXCAt_c_rm,0
DM_gcald_c,0
ACOAD100f_m,0
ACOAD120f_m,0
FADt_c_m,0
ACOAD180f_x,0
ACOAD161bf_x,0
ACOAD141bf_x,0
ACOAD121af_x,0
ACOAD181af_x,0
ACOAD161af_x,0
ACOAD141af_x,0
HLYSMT_m,0
GHMT3_m,0
TMABADH_m,0
BBOX_m,0
CRNAT40_m,0
CRNAT60_m,0
CRNAT80_m,0
CRNAT100_m,0
CRN40t_c_x,0
CRN60t_c_x,0
CRN80t_c_x,0
CRN100t_c_x,0
CRN40t_c_m,0
CRN60t_c_m,0
CRN80t_c_m,0
CRN100t_c_m,0
CRN120t_c_m,0
CRNAT40_x,0
CRNAT60_x,0
CRNAT80_x,0
CRNAT100_x,0
NADPHt_c_x,0
NADPt_c_x,0
RNDR4_c,0
RNDR4_n,0
FACOAL80_c,0
FACOAL100_c,0
FACOAL120_c,0
FACOAL40_c,0
FACOAL60_c,0
FACOAL40o_x,0
PKETX_c,0
ACCOATsucac_m,0
ACCOATsucpp_m,0
PPAt_c_m,0
PPAt_c_e,0
EX_ppa_e,0
XU5PFGT_x,0
EX_fald_e,0
LDH_L_x,0
G3PD1i_x,0
DHAPt_c_x,0
GLYC3Pt_c_x,0
ACOAD182f_x,0
ACOAO182_x,0
ECOAH182_x,0
HACD182i_x,0
ACACT182i_x,0
ACOAD162f_x,0
ACOAO162_x,0
ECOAH162_x,0
HACD162i_x,0
ACACT162i_x,0
ACOAD142f_x,0
ACOAO142_x,0
ECOAH142_x,0
HACD142i_x,0
ACACT142i_x,0
ECOAI122d_x,0
ECOAH121d_x,0
HACD121di_x,0
ACACT121di_x,0
ACOAD101df_x,0
ACOAO101d_x,0
DECOAR102d_x,0
ECOAI101d_x,0
ACOAD183f_x,0
ACOAO183_x,0
ECOAH183_x,0
HACD183i_x,0
ACACT183i_x,0
ACOAD163f_x,0
ACOAO163_x,0
ECOAH163_x,0
HACD163i_x,0
ACACT163i_x,0
ACOAD143f_x,0
ACOAO143_x,0
ECOAH143_x,0
HACD143i_x,0
ACACT143i_x,0
ECOAI123e_x,0
ECOAH122e_x,0
HACD122ei_x,0
ACACT122ei_x,0
ACOAD102ef_x,0
ACOAO102e_x,0
DECOAR103e_x,0
ECOAI102e_x,0
ECOAH101e_x,0
HACD101ei_x,0
ACACT101ei_x,0
ACOAD82ef_x,0
ACOAO82e_x,0
ECOAI82e_x,0
DECOAI82e_x,0
DECOAR82e_x,0
ECOAI81e_x,0
PACCOAE_x,0
ACS_c,0
ABTD2Dx_c,0
ABTD4Dy_c,0
ABTD2Dy_c,0
AKGDH_m,0
ALDD2y_c,0
OAADC_c,0
Ktps_e,0
G5SADr_m,0
GHMT2r_m,0
ETFOXRq9_c,0
LIPOCT_m,1
ZYMSTATer_RT_rm,1
FMNRx_c,1
FMNRx2_c,1
ADPh_m,1
tpscu2_c_m,1
GENERIC_na1CATION1_c,1
GENERIC_na1CATION1_e,1
GENERIC_kCATION1_m,1
GENERIC_kCATION1_e,1
GENERIC_kCATION1_c,1
GENERIC_hCATION1_en,1
GENERIC_hCATION1_vm,1
GENERIC_hCATION1_gm,1
GENERIC_hCATION1_mm,1
GENERIC_hCATION1_rm,1
GENERIC_hCATION1_v,1
GENERIC_hCATION1_x,1
GENERIC_hCATION1_n,1
GENERIC_hCATION1_m,1
GENERIC_hCATION1_l,1
GENERIC_hCATION1_g,1
GENERIC_hCATION1_c,1
GENERIC_hCATION1_r,1
GENERIC_hCATION1_e,1
GENERIC_ca2metal2_c,1
GENERIC_ca2metal2_e,1
GENERIC_cobalt2metal2_c,1
GENERIC_cobalt2metal2_e,1
GENERIC_cu2metal2_e,1
GENERIC_cu2metal2_c,1
GENERIC_fe2metal2_c,1
GENERIC_fe2metal2_e,1
GENERIC_fe2metal2_m,1
GENERIC_mg2metal2_c,1
GENERIC_mg2metal2_e,1
GENERIC_mn2metal2_e,1
GENERIC_mn2metal2_c,1
GENERIC_ni2metal2_c,1
GENERIC_ni2metal2_e,1
GENERIC_zn2metal2_e,1
GENERIC_zn2metal2_c,1
GENERIC_fe2feCATION_c,1
GENERIC_fe2feCATION_e,1
GENERIC_fe2feCATION_m,1
GENERIC_fe3feCATION_c,1
GENERIC_fe3feCATION_e,1
GENERIC_mg2mg2ormn2_c,1
GENERIC_mg2mg2ormn2_e,1
GENERIC_mn2mg2ormn2_c,1
GENERIC_mn2mg2ormn2_e,1
GENERIC_hemeAheme_c,1
GENERIC_hemeAheme_m,1
GENERIC_hemeOheme_m,1
GENERIC_phemeheme_m,1
GENERIC_shemeheme_c,1
P5CD2_m,1
G3PD1r_c,1
FE2t_c_rm,1
Ht_c_e,1
TORULNOXi_c,1
DESAT18_2_rm,1
ACOADS182_3_rm,1
FE3t_c_m,1
FE3t_c_rm,1
BIOMASS,1
BIOMASS_MFA,1
BIOMASS_MFA_NO_GAM,1
CRN120t_c_x,1
ACOAD100f_m,1
ACOAD120f_m,1
FADt_c_m,1
ACOAD180f_x,1
ACOAD161bf_x,1
ACOAD141bf_x,1
ACOAD121af_x,1
ACOAD181af_x,1
ACOAD161af_x,1
ACOAD141af_x,1
HLYSMT_m,1
GHMT3_m,1
TMABADH_m,1
BBOX_m,1
CRNAT40_m,1
CRNAT60_m,1
CRNAT80_m,1
CRNAT100_m,1
CRN40t_c_x,1
CRN60t_c_x,1
CRN80t_c_x,1
CRN100t_c_x,1
CRN40t_c_m,1
CRN60t_c_m,1
CRN80t_c_m,1
CRN100t_c_m,1
CRN120t_c_m,1
CRNAT40_x,1
CRNAT60_x,1
CRNAT80_x,1
CRNAT100_x,1
NADPHt_c_x,1
NADPt_c_x,1
RNDR4_c,1
RNDR4_n,1
FACOAL80_c,1
FACOAL100_c,1
FACOAL120_c,1
FACOAL40_c,1
FACOAL60_c,1
FACOAL40o_x,1
PKETX_c,1
ACCOATsucac_m,1
ACCOATsucpp_m,1
PPAt_c_m,1
PPAt_c_e,1
EX_ppa_e,1
XU5PFGT_x,1
EX_fald_e,1
LDH_L_x,1
G3PD1i_x,1
DHAPt_c_x,1
GLYC3Pt_c_x,1
ACOAD182f_x,1
ACOAO182_x,1
ECOAH182_x,1
HACD182i_x,1
ACACT182i_x,1
ACOAD162f_x,1
ACOAO162_x,1
ECOAH162_x,1
HACD162i_x,1
ACACT162i_x,1
ACOAD142f_x,1
ACOAO142_x,1
ECOAH142_x,1
HACD142i_x,1
ACACT142i_x,1
ECOAI122d_x,1
ECOAH121d_x,1
HACD121di_x,1
ACACT121di_x,1
ACOAD101df_x,1
ACOAO101d_x,1
DECOAR102d_x,1
ECOAI101d_x,1
ACOAD183f_x,1
ACOAO183_x,1
ECOAH183_x,1
HACD183i_x,1
ACACT183i_x,1
ACOAD163f_x,1
ACOAO163_x,1
ECOAH163_x,1
HACD163i_x,1
ACACT163i_x,1
ACOAD143f_x,1
ACOAO143_x,1
ECOAH143_x,1
HACD143i_x,1
ACACT143i_x,1
ECOAI123e_x,1
ECOAH122e_x,1
HACD122ei_x,1
ACACT122ei_x,1
ACOAD102ef_x,1
ACOAO102e_x,1
DECOAR103e_x,1
ECOAI102e_x,1
ECOAH101e_x,1
HACD101ei_x,1
ACACT101ei_x,1
ACOAD82ef_x,1
ACOAO82e_x,1
ECOAI82e_x,1
DECOAI82e_x,1
DECOAR82e_x,1
ECOAI81e_x,1
PACCOAE_x,1
ABTD2Dx_c,1
ABTD4Dy_c,1
ABTD2Dy_c,1
AKGDH_m,1
ALDD2y_c,1
OAADC_c,1
Ktps_e,1
G5SADr_m,1
GHMT2r_m,1
ETFOXRq9_c,1
P5CD_m,2
ACACT40ir_m,2
ACOAHi_m,2
ACS_m,2
ALDD2x_m,2
ALDD2y_m,2
G3PD1i_c,2
GCC2a_m,2
GCC2c_m,2
GCCa_m,2
GCCbi_m,2
GCCc_m,2
GCC2bi_m,2
AKGDb_m,2
AKGDa_m,2
PFK_3_c,2
RNTR1_c,2
RNTR3_c,2
RNTR2_c,2
RNTR4_c,2
FTHFCL_m,2
FTHFI_c,2
Ht_c,2
GLYAT_c_m,2
CRNAT140_m,2
CRNAT180_m,2
XU5PFGT_c,2
CRNAT160_m,2
LDH_L_c,2
SSALx_c,2
FACOAE100_c,2
FACOAE80_c,2
FACOAE40_c,2
FACOAE60_c,2
GLUDC_m,2
MDH_x,2
FACOAE220_c,2
FACOAE220_x,2
FACOAE240_c,2
FACOAE240_x,2
Biomass_Rt_Clim,2
FAOX182lump_x,2
FAOX183lump_x,2
ACOAO100_m,2
ACOAO120_m,2
ACOAO160_m,2
ACOAO180_m,2
ACOAO140_m,2
ACOAO40_m,2
ACOAO60_m,2
ACOAO80_m,2
ACOAO161b_m,2
ACOAO141b_m,2
ACOAO121a_m,2
ACOAO181a_m,2
ACOAO161a_m,2
ACOAO141a_m,2
CRNAT161_m,2
CRNAT181_m,2
CRNAT140_x,2
CRNAT160_x,2
CRNAT180_x,2
CRNAT161_x,2
CRNAT181_x,2
CRN120t_m_x,2
CRN140t_m_x,2
CRN160t_m_x,2
CRN180t_m_x,2
CRN161t_m_x,2
CRN181t_m_x,2
ECOAI100a_m,2
ECOAI120c_m,2
ECOAI120b_m,2
ECOAI120a_m,2
ECOAI140c_m,2
ECOAI140a_m,2
THFAT_m,3
ADPh_c,3
LLFC2O_c,3
DDPA_m,3
ACOAO100_x,3
ACOAO120_x,3
ATPASEP2e_c,3
CTPS1_c,3
DCMPDA_c,3
FRD_c,3
GLUDC_c,3
GTHO_c,3
G3PDf_m,3
G3PD1i_m,3
GLYCL_m,3
MTHFD_m,3
FACOAE100_x,3
FACOAE120_x,3
FACOAE160_x,3
FACOAE140_x,3
FACOAE180_x,3
FACOAE80_x,3
XYLK_c,3
CITMALta_m,3
CITICITta_m,3
FADH2t_c_m,3
GLUt_c_m,3
EX_pnto__R_e,3
EX_4abz_e,3
XYLt_c_e,3
EX_fol_e,3
FORt_c_m,3
GLYt_c_m,3
Ht_c_v,3
ABTt_c_e,3
CRNt_c_m,3
G5SADr_c,3
EX_inost_e,3
EX_nac_e,3
EX_pydxn_e,3
EX_ribflv_e,3
SERt_c_m,3
EX_thm_e,3
XYLTt_c_e,3
ALCD2i2_c,3
ALDD2x_c,3
FACOAL220_en,3
FACOAL220_rm,3
FACOAL220_l,3
FACOAE40_x,3
FACOAE60_x,3
FACOAE161_x,3
FACOAE181_x,3
ACOAO40_x,3
ACOAO60_x,3
ACOAO80_x,3
ECOAI101a_x,3
ECOAI122c_x,3
ECOAI121b_x,3
ECOAI121a_x,3
ECOAI142c_x,3
ECOAI141a_x,3
MTHFD_c,3
3MOPR_m,3
3MOBR_m,3
PKETF_c,3
4MOPR_m,3
XYLI1_c,3
XYLRy_c,3
XYLURx_c,3
FACOAE120_c,3
FACOAE140_c,3
FACOAL220_x,3
NADHcplxI_c_m,3
ATPS_m,3
FECRq9_m,3
FECOOR_m,3
MTHFC_c,3
FTHFL_c,3
EX_ni2_e,3
CU2t_c_e,3
PDAGATpe_rm,3
PDAGATpc_rm,3
FACOAE182_x,3
FACOAE183_x,3
Q9OR_m,3
ATPM_c,3
ABTLD_c,3
ABTD4Dx_c,3
XYLTOR_c,3
CRNAT120_x,3
ACOAD40f_x,3
ACOAD60f_x,3
ACOAD80f_x,3
ACOAD100f_x,3
ACOAD120f_x,3
ACOAD140f_x,3
ACOAD160f_x,3
ACS_c,3
